cod;nome;per√≠odo;homicidio-de-jovens-por-armas-de-fogo;homicidios-de-homens-por-armas-de-fogo;homicidios-de-jovens-homens;homicidios-de-jovens-mulheres;homicidios-de-jovens;homicidios-de-mulheres-por-armas-de-fogo;homicidios-homens-nao-negros;homicidios-homens-negros;homicidios-homens;homicidios-mulheres-nao-negras;homicidios-mulheres-negras;homicidios-mulheres;homicidios-nao-negros;homicidios-negros;homicidios-por-armas-de-fogo;homicidios
53;DF;1989;116.0;177.0;177;8;185.0;5.0;;;308.0;;;23.0;;;182;331.0
35;SP;1989;1821.0;2668.0;5186;336;5522.0;154.0;;;8508.0;;;671.0;;;2822;9179.0
33;RJ;1989;1722.0;2772.0;2170;140;2310.0;167.0;;;3980.0;;;304.0;;;2942;4290.0
32;ES;1989;180.0;361.0;320;29;349.0;29.0;;;763.0;;;75.0;;;395;845.0
31;MG;1989;223.0;384.0;479;67;546.0;47.0;;;1047.0;;;168.0;;;432;1216.0
28;SE;1989;3946.0;66.0;59;5;64.0;5.0;;;124.0;;;15.0;;;71;139.0
29;BA;1989;327.0;562.0;527;46;574.0;23.0;;;1000.0;;;80.0;;;591;1086.0
27;AL;1989;143.0;310.0;310;29;339.0;21.0;;;739.0;;;66.0;;;331;805.0
26;PE;1989;943.0;1607.0;1235;90;1326.0;91.0;;;2379.0;;;173.0;;;1698;2553.0
25;PB;1989;102.0;201.0;169;24;193.0;21.0;;;409.0;;;52.0;;;222;461.0
24;RN;1989;69.0;121.0;108;5;113.0;3.0;;;222.0;;;14.0;;;124;236.0
23;CE;1989;121.0;203.0;286;13;299.0;13.0;;;560.0;;;47.0;;;216;607.0
22;PI;1989;30.0;53.0;60;8;68.0;7.0;;;125.0;;;17.0;;;60;142.0
16;AP;1989;13.0;19.0;27;2;29.0;1.0;;;36.0;;;3.0;;;20;39.0
21;MA;1989;82.0;166.0;160;13;174.0;10.0;;;382.0;;;28.0;;;176;411.0
17;TO;1989;13.0;30.0;15;7;22.0;6.0;;;49.0;;;14.0;;;36;63.0
52;GO;1989;223.0;426.0;302;41;344.0;44.0;;;717.0;;;91.0;;;471;810.0
51;MT;1989;82.0;199.0;165;15;180.0;8.0;;;440.0;;;31.0;;;207;471.0
50;MS;1989;95.0;175.0;147;21;168.0;20.0;;;330.0;;;39.0;;;197;371.0
43;RS;1989;447.0;755.0;744;62;806.0;41.0;;;1419.0;;;142.0;;;796;1561.0
42;SC;1989;82.0;142.0;153;15;168.0;15.0;;;315.0;;;39.0;;;157;354.0
11;RO;1989;114.0;260.0;161;27;188.0;25.0;;;443.0;;;47.0;;;285;490.0
12;AC;1989;28.0;45.0;52;4;56.0;3.0;;;89.0;;;6.0;;;48;95.0
13;AM;1989;82.0;136.0;141;20;161.0;9.0;;;289.0;;;31.0;;;146;321.0
14;RR;1989;1.0;1.0;53;8;61.0;0.0;;;100.0;;;12.0;;;1;113.0
15;PA;1989;165.0;328.0;276;27;303.0;28.0;;;615.0;;;51.0;;;356;666.0
41;PR;1989;255.0;457.0;455;45;501.0;39.0;;;1004.0;;;105.0;;;498;1112.0
26;PE;1990;955.0;1616.0;1275;101;1377.0;111.0;;;2522.0;;;219.0;;;1728;2742.0
53;DF;1990;159.0;259.0;234;17;251.0;19.0;;;423.0;;;40.0;;;278;463.0
52;GO;1990;180.0;349.0;277;32;309.0;29.0;;;620.0;;;58.0;;;380;681.0
51;MT;1990;66.0;164.0;139;16;155.0;16.0;;;376.0;;;39.0;;;180;415.0
50;MS;1990;72.0;146.0;137;19;156.0;16.0;;;306.0;;;40.0;;;162;348.0
43;RS;1990;551.0;917.0;826;60;886.0;81.0;;;1547.0;;;157.0;;;998;1704.0
42;SC;1990;77.0;150.0;140;18;158.0;17.0;;;341.0;;;46.0;;;167;388.0
11;RO;1990;130.0;278.0;202;21;223.0;14.0;;;517.0;;;37.0;;;293;555.0
12;AC;1990;18.0;29.0;29;4;33.0;4.0;;;58.0;;;6.0;;;33;64.0
13;AM;1990;119.0;184.0;193;14;207.0;14.0;;;332.0;;;31.0;;;201;367.0
14;RR;1990;3.0;8.0;52;11;63.0;1.0;;;107.0;;;20.0;;;9;127.0
15;PA;1990;242.0;424.0;337;39;376.0;35.0;;;669.0;;;78.0;;;459;748.0
16;AP;1990;11.0;14.0;18;3;22.0;2.0;;;40.0;;;5.0;;;17;46.0
17;TO;1990;10.0;21.0;19;3;22.0;4.0;;;47.0;;;7.0;;;25;54.0
21;MA;1990;86.0;180.0;182;17;199.0;14.0;;;410.0;;;32.0;;;194;442.0
22;PI;1990;16.0;32.0;50;2;52.0;1.0;;;104.0;;;5.0;;;33;109.0
23;CE;1990;126.0;219.0;230;23;253.0;23.0;;;510.0;;;45.0;;;242;555.0
24;RN;1990;58.0;108.0;85;7;92.0;9.0;;;180.0;;;20.0;;;117;200.0
25;PB;1990;95.0;206.0;172;13;185.0;18.0;;;399.0;;;41.0;;;224;440.0
27;AL;1990;116.0;261.0;263;20;284.0;12.0;;;663.0;;;55.0;;;273;719.0
29;BA;1990;289.0;486.0;406;30;437.0;31.0;;;782.0;;;77.0;;;523;867.0
28;SE;1990;5488.0;69.0;80;8;88.0;6.0;;;138.0;;;13.0;;;75;151.0
31;MG;1990;240.0;444.0;457;63;520.0;50.0;;;1029.0;;;148.0;;;494;1178.0
32;ES;1990;215.0;382.0;344;40;384.0;37.0;;;791.0;;;88.0;;;419;881.0
33;RJ;1990;3172.0;5236.0;3616;215;3833.0;312.0;;;6614.0;;;477.0;;;5557;7101.0
35;SP;1990;1861.0;2784.0;5300;340;5640.0;185.0;;;8824.0;;;679.0;;;2969;9503.0
41;PR;1990;279.0;488.0;483;54;537.0;50.0;;;1041.0;;;125.0;;;538;1167.0
53;DF;1991;209.0;291.0;272;21;293.0;23.0;;;437.0;;;52.0;;;314;489.0
11;RO;1991;108.0;247.0;184;11;196.0;17.0;;;455.0;;;33.0;;;265;491.0
12;AC;1991;38.0;56.0;53;6;59.0;7.0;;;97.0;;;9.0;;;63;106.0
13;AM;1991;141.0;222.0;231;10;241.0;11.0;;;384.0;;;18.0;;;233;403.0
14;RR;1991;9.0;15.0;28;5;33.0;3.0;;;70.0;;;9.0;;;18;79.0
15;PA;1991;232.0;448.0;344;36;380.0;42.0;;;737.0;;;72.0;;;491;810.0
16;AP;1991;9.0;17.0;28;2;30.0;2.0;;;49.0;;;5.0;;;19;54.0
17;TO;1991;17.0;43.0;30;3;33.0;3.0;;;83.0;;;9.0;;;46;92.0
21;MA;1991;118.0;182.0;200;27;227.0;21.0;;;416.0;;;54.0;;;203;470.0
22;PI;1991;15.0;28.0;37;6;43.0;3.0;;;92.0;;;11.0;;;31;103.0
23;CE;1991;139.0;227.0;281;22;303.0;15.0;;;554.0;;;53.0;;;242;607.0
24;RN;1991;65.0;103.0;110;9;119.0;6.0;;;202.0;;;17.0;;;109;219.0
25;PB;1991;79.0;158.0;170;13;183.0;22.0;;;361.0;;;40.0;;;180;401.0
26;PE;1991;1046.0;1878.0;1325;100;1426.0;125.0;;;2706.0;;;232.0;;;2008;2944.0
27;AL;1991;99.0;234.0;219;19;239.0;18.0;;;590.0;;;67.0;;;257;665.0
29;BA;1991;128.0;245.0;236;29;266.0;20.0;;;528.0;;;64.0;;;266;596.0
28;SE;1991;4677.0;168.0;118;13;131.0;8.0;;;287.0;;;21.0;;;179;317.0
31;MG;1991;269.0;472.0;480;60;541.0;43.0;;;1071.0;;;159.0;;;516;1232.0
32;ES;1991;229.0;440.0;377;36;413.0;32.0;;;872.0;;;95.0;;;473;968.0
33;RJ;1991;2207.0;3736.0;2484;154;2640.0;235.0;;;4672.0;;;370.0;;;3979;5055.0
35;SP;1991;1972.0;2912.0;5227;374;5601.0;226.0;;;8896.0;;;789.0;;;3138;9685.0
42;SC;1991;82.0;148.0;131;16;147.0;17.0;;;317.0;;;38.0;;;165;355.0
43;RS;1991;573.0;1031.0;755;68;823.0;86.0;;;1538.0;;;156.0;;;1117;1694.0
50;MS;1991;106.0;191.0;142;24;167.0;24.0;;;338.0;;;47.0;;;218;388.0
51;MT;1991;98.0;201.0;146;26;172.0;26.0;;;403.0;;;49.0;;;227;452.0
52;GO;1991;222.0;396.0;346;51;397.0;44.0;;;741.0;;;110.0;;;440;852.0
41;PR;1991;266.0;510.0;459;60;519.0;52.0;;;1073.0;;;149.0;;;562;1225.0
29;BA;1992;237.0;401.0;369;36;405.0;26.0;;;758.0;;;79.0;;;428;840.0
53;DF;1992;172.0;255.0;231;14;245.0;16.0;;;384.0;;;40.0;;;271;424.0
52;GO;1992;189.0;361.0;288;52;340.0;56.0;;;703.0;;;125.0;;;417;828.0
51;MT;1992;70.0;144.0;126;17;144.0;11.0;;;316.0;;;35.0;;;158;355.0
50;MS;1992;107.0;206.0;153;28;181.0;29.0;;;365.0;;;58.0;;;235;423.0
43;RS;1992;516.0;934.0;678;62;740.0;101.0;;;1409.0;;;161.0;;;1035;1570.0
42;SC;1992;74.0;141.0;145;12;157.0;10.0;;;311.0;;;50.0;;;151;361.0
41;PR;1992;269.0;507.0;440;42;486.0;47.0;;;971.0;;;116.0;;;554;1092.0
35;SP;1992;1841.0;2794.0;5002;283;5285.0;161.0;;;8472.0;;;644.0;;;2955;9116.0
33;RJ;1992;1896.0;3358.0;2132;125;2257.0;219.0;;;4212.0;;;319.0;;;3580;4536.0
32;ES;1992;196.0;349.0;322;39;361.0;31.0;;;751.0;;;85.0;;;381;839.0
31;MG;1992;231.0;435.0;418;62;481.0;51.0;;;972.0;;;154.0;;;488;1131.0
28;SE;1992;4164.0;295.0;199;9;212.0;7.0;;;420.0;;;28.0;;;312;461.0
27;AL;1992;131.0;267.0;219;24;243.0;17.0;;;538.0;;;53.0;;;284;591.0
26;PE;1992;794.0;1621.0;1013;75;1093.0;93.0;;;2352.0;;;171.0;;;1719;2531.0
25;PB;1992;101.0;194.0;150;15;165.0;24.0;;;319.0;;;36.0;;;218;355.0
24;RN;1992;57.0;101.0;85;7;92.0;9.0;;;184.0;;;15.0;;;110;199.0
23;CE;1992;102.0;187.0;244;20;265.0;14.0;;;493.0;;;42.0;;;202;537.0
22;PI;1992;15.0;28.0;37;4;41.0;2.0;;;82.0;;;10.0;;;30;92.0
21;MA;1992;74.0;192.0;149;13;162.0;15.0;;;395.0;;;30.0;;;209;427.0
17;TO;1992;14.0;37.0;21;2;23.0;3.0;;;60.0;;;5.0;;;40;67.0
16;AP;1992;24.0;35.0;41;2;43.0;3.0;;;69.0;;;4.0;;;38;73.0
15;PA;1992;221.0;436.0;325;27;353.0;31.0;;;701.0;;;56.0;;;468;759.0
14;RR;1992;23.0;47.0;43;4;47.0;5.0;;;86.0;;;9.0;;;52;95.0
13;AM;1992;81.0;157.0;170;8;178.0;7.0;;;321.0;;;26.0;;;168;351.0
12;AC;1992;34.0;46.0;51;10;61.0;7.0;;;94.0;;;13.0;;;53;107.0
11;RO;1992;89.0;215.0;121;19;140.0;14.0;;;360.0;;;35.0;;;229;395.0
27;AL;1993;147.0;322.0;223;15;238.0;29.0;;;569.0;;;50.0;;;351;619.0
26;PE;1993;1090.0;1774.0;1318;96;1416.0;118.0;;;2543.0;;;218.0;;;1893;2763.0
25;PB;1993;94.0;192.0;157;10;168.0;13.0;;;337.0;;;26.0;;;205;365.0
24;RN;1993;81.0;137.0;119;9;128.0;14.0;;;222.0;;;21.0;;;151;243.0
23;CE;1993;164.0;249.0;330;30;360.0;21.0;;;640.0;;;61.0;;;270;702.0
22;PI;1993;19.0;26.0;47;8;55.0;4.0;;;104.0;;;13.0;;;30;117.0
21;MA;1993;68.0;161.0;150;15;165.0;10.0;;;359.0;;;33.0;;;173;394.0
17;TO;1993;12.0;24.0;30;7;37.0;3.0;;;81.0;;;12.0;;;27;93.0
16;AP;1993;26.0;37.0;34;2;36.0;2.0;;;61.0;;;5.0;;;39;66.0
15;PA;1993;169.0;345.0;269;21;290.0;20.0;;;577.0;;;46.0;;;365;623.0
14;RR;1993;16.0;39.0;22;3;26.0;3.0;;;63.0;;;4.0;;;43;69.0
13;AM;1993;96.0;161.0;169;17;186.0;10.0;;;316.0;;;33.0;;;172;350.0
12;AC;1993;36.0;55.0;62;3;66.0;5.0;;;101.0;;;12.0;;;61;116.0
11;RO;1993;125.0;256.0;183;23;208.0;24.0;;;439.0;;;55.0;;;280;498.0
35;SP;1993;2304.0;3451.0;4858;325;5183.0;232.0;;;8498.0;;;726.0;;;3683;9224.0
33;RJ;1993;2197.0;4062.0;2431;124;2557.0;256.0;;;4972.0;;;381.0;;;4326;5367.0
32;ES;1993;295.0;522.0;466;50;516.0;33.0;;;995.0;;;101.0;;;555;1098.0
31;MG;1993;281.0;466.0;472;61;533.0;68.0;;;1028.0;;;181.0;;;535;1211.0
28;SE;1993;5077.0;155.0;151;8;159.0;10.0;;;286.0;;;25.0;;;165;312.0
29;BA;1993;618.0;945.0;775;46;825.0;54.0;;;1364.0;;;120.0;;;1013;1503.0
41;PR;1993;320.0;586.0;505;62;567.0;53.0;;;1099.0;;;138.0;;;639;1237.0
53;DF;1993;234.0;335.0;296;23;319.0;27.0;;;503.0;;;49.0;;;362;553.0
52;GO;1993;188.0;327.0;266;51;317.0;47.0;;;636.0;;;96.0;;;375;734.0
51;MT;1993;81.0;159.0;138;20;158.0;11.0;;;325.0;;;31.0;;;170;356.0
50;MS;1993;113.0;236.0;165;14;180.0;18.0;;;413.0;;;39.0;;;257;457.0
43;RS;1993;369.0;637.0;516;49;565.0;50.0;;;1064.0;;;113.0;;;687;1177.0
42;SC;1993;81.0;163.0;146;13;159.0;12.0;;;337.0;;;34.0;;;175;371.0
11;RO;1994;95.0;202.0;153;16;169.0;17.0;;;360.0;;;37.0;;;221;399.0
53;DF;1994;250.0;354.0;301;21;322.0;33.0;;;505.0;;;50.0;;;387;556.0
42;SC;1994;71.0;145.0;131;19;150.0;9.0;;;301.0;;;45.0;;;154;346.0
43;RS;1994;426.0;720.0;588;56;644.0;70.0;;;1196.0;;;138.0;;;790;1334.0
50;MS;1994;138.0;264.0;208;24;233.0;19.0;;;472.0;;;48.0;;;283;522.0
51;MT;1994;56.0;138.0;109;4;113.0;7.0;;;296.0;;;20.0;;;145;316.0
41;PR;1994;356.0;650.0;516;54;570.0;58.0;;;1130.0;;;130.0;;;708;1260.0
52;GO;1994;227.0;401.0;327;36;363.0;41.0;;;681.0;;;93.0;;;442;774.0
35;SP;1994;2645.0;3868.0;5546;369;5915.0;259.0;;;9194.0;;;787.0;;;4127;9981.0
33;RJ;1994;2779.0;5080.0;2909;181;3091.0;344.0;;;5922.0;;;491.0;;;5430;6420.0
32;ES;1994;300.0;549.0;476;41;517.0;46.0;;;1053.0;;;108.0;;;596;1166.0
31;MG;1994;256.0;409.0;448;74;525.0;50.0;;;941.0;;;170.0;;;460;1118.0
28;SE;1994;5980.0;190.0;167;14;181.0;21.0;;;307.0;;;32.0;;;213;344.0
29;BA;1994;716.0;1073.0;880;82;963.0;88.0;;;1551.0;;;180.0;;;1164;1739.0
27;AL;1994;166.0;360.0;236;21;257.0;24.0;;;567.0;;;48.0;;;384;615.0
26;PE;1994;1068.0;1784.0;1300;80;1381.0;113.0;;;2399.0;;;191.0;;;1897;2593.0
25;PB;1994;98.0;172.0;193;9;204.0;16.0;;;354.0;;;28.0;;;188;385.0
24;RN;1994;66.0;111.0;99;7;107.0;6.0;;;191.0;;;19.0;;;117;211.0
23;CE;1994;123.0;238.0;284;22;308.0;21.0;;;573.0;;;59.0;;;260;636.0
22;PI;1994;19.0;31.0;49;5;54.0;1.0;;;89.0;;;10.0;;;32;99.0
21;MA;1994;65.0;114.0;130;6;136.0;6.0;;;289.0;;;24.0;;;121;314.0
17;TO;1994;12.0;25.0;42;8;50.0;5.0;;;95.0;;;13.0;;;30;109.0
16;AP;1994;33.0;49.0;63;6;69.0;4.0;;;109.0;;;16.0;;;53;125.0
15;PA;1994;217.0;377.0;333;29;362.0;36.0;;;657.0;;;59.0;;;413;716.0
14;RR;1994;18.0;47.0;29;2;31.0;2.0;;;72.0;;;6.0;;;49;78.0
13;AM;1994;110.0;171.0;218;13;231.0;13.0;;;359.0;;;27.0;;;184;387.0
12;AC;1994;23.0;36.0;43;5;48.0;5.0;;;77.0;;;11.0;;;41;88.0
41;PR;1995;445.0;748.0;595;71;666.0;79.0;;;1223.0;;;163.0;;;827;1387.0
53;DF;1995;288.0;417.0;329;29;358.0;27.0;;;572.0;;;57.0;;;444;629.0
52;GO;1995;208.0;376.0;291;54;345.0;61.0;;;652.0;;;129.0;;;439;784.0
51;MT;1995;112.0;297.0;181;33;214.0;25.0;;;516.0;;;66.0;;;322;583.0
50;MS;1995;208.0;388.0;264;18;283.0;22.0;;;582.0;;;51.0;;;411;636.0
43;RS;1995;494.0;884.0;604;64;668.0;89.0;;;1288.0;;;151.0;;;973;1439.0
42;SC;1995;94.0;197.0;155;20;175.0;21.0;;;372.0;;;48.0;;;218;420.0
35;SP;1995;3094.0;4791.0;6030;456;6486.0;368.0;;;10596.0;;;959.0;;;5159;11555.0
33;RJ;1995;3567.0;6240.0;3914;214;4129.0;408.0;;;7617.0;;;587.0;;;6659;8218.0
32;ES;1995;347.0;557.0;512;57;569.0;53.0;;;1031.0;;;123.0;;;610;1154.0
31;MG;1995;325.0;558.0;511;52;566.0;46.0;;;1057.0;;;145.0;;;607;1214.0
28;SE;1995;7333.0;121.0;113;11;124.0;10.0;;;227.0;;;27.0;;;132;255.0
29;BA;1995;604.0;978.0;723;57;783.0;79.0;;;1360.0;;;165.0;;;1067;1536.0
27;AL;1995;203.0;447.0;262;29;291.0;38.0;;;680.0;;;62.0;;;485;742.0
26;PE;1995;1127.0;1942.0;1274;96;1372.0;128.0;;;2498.0;;;205.0;;;2073;2706.0
25;PB;1995;131.0;210.0;198;37;235.0;29.0;;;391.0;;;66.0;;;239;457.0
24;RN;1995;66.0;127.0;97;9;106.0;15.0;;;217.0;;;30.0;;;142;247.0
23;CE;1995;195.0;341.0;406;18;424.0;18.0;;;790.0;;;55.0;;;359;845.0
22;PI;1995;28.0;40.0;44;9;53.0;7.0;;;95.0;;;19.0;;;47;114.0
21;MA;1995;79.0;152.0;154;19;173.0;10.0;;;344.0;;;40.0;;;163;385.0
17;TO;1995;15.0;32.0;35;4;39.0;3.0;;;72.0;;;5.0;;;35;77.0
16;AP;1995;34.0;54.0;70;2;72.0;3.0;;;113.0;;;11.0;;;57;124.0
15;PA;1995;183.0;362.0;300;21;321.0;25.0;;;641.0;;;59.0;;;387;700.0
14;RR;1995;28.0;49.0;41;5;46.0;1.0;;;79.0;;;8.0;;;50;87.0
13;AM;1995;113.0;170.0;221;21;242.0;14.0;;;383.0;;;42.0;;;184;425.0
12;AC;1995;32.0;48.0;47;5;52.0;9.0;;;86.0;;;16.0;;;57;103.0
11;RO;1995;79.0;147.0;122;10;132.0;12.0;;;292.0;;;37.0;;;160;330.0
51;MT;1996;196.0;386.0;229;39;269.0;38.0;0.0;0.0;568.0;0.0;0.0;87.0;0.0;0.0;427;660.0
52;GO;1996;223.0;403.0;291;55;346.0;66.0;0.0;0.0;663.0;0.0;0.0;119.0;0.0;0.0;469;782.0
53;DF;1996;268.0;402.0;308;27;335.0;32.0;0.0;0.0;562.0;0.0;0.0;52.0;0.0;0.0;435;615.0
13;AM;1996;132.0;204.0;245;16;261.0;16.0;0.0;0.0;417.0;0.0;0.0;33.0;0.0;0.0;220;450.0
14;RR;1996;22.0;45.0;42;9;51.0;5.0;0.0;0.0;89.0;0.0;0.0;18.0;0.0;0.0;50;107.0
35;SP;1996;3173.0;5022.0;6377;431;6808.0;343.0;1553.0;335.0;11361.0;143.0;24.0;959.0;1696.0;359.0;5365;12320.0
11;RO;1996;69.0;171.0;89;16;105.0;24.0;0.0;0.0;256.0;0.0;0.0;43.0;0.0;0.0;196;301.0
41;PR;1996;438.0;714.0;599;77;676.0;73.0;0.0;0.0;1225.0;0.0;0.0;154.0;0.0;0.0;787;1379.0
42;SC;1996;108.0;187.0;154;28;182.0;26.0;1.0;0.0;345.0;0.0;0.0;67.0;1.0;0.0;213;412.0
43;RS;1996;492.0;886.0;593;84;677.0;111.0;0.0;0.0;1290.0;0.0;0.0;192.0;0.0;0.0;997;1482.0
50;MS;1996;223.0;418.0;285;33;318.0;49.0;0.0;0.0;642.0;0.0;0.0;79.0;0.0;0.0;468;722.0
25;PB;1996;148.0;234.0;259;43;302.0;41.0;0.0;0.0;530.0;0.0;0.0;106.0;0.0;0.0;275;636.0
26;PE;1996;1272.0;2172.0;1442;84;1529.0;150.0;1.0;0.0;2773.0;0.0;0.0;245.0;1.0;0.0;2325;3022.0
33;RJ;1996;3157.0;5581.0;3747;248;3998.0;428.0;1.0;0.0;7369.0;0.0;0.0;651.0;1.0;0.0;6017;8034.0
27;AL;1996;233.0;472.0;295;32;327.0;43.0;0.0;0.0;671.0;0.0;0.0;70.0;0.0;0.0;515;741.0
29;BA;1996;854.0;1368.0;918;83;1001.0;120.0;0.0;0.0;1707.0;0.0;0.0;176.0;0.0;0.0;1488;1883.0
28;SE;1996;7017.0;137.0;108;13;121.0;14.0;0.0;0.0;207.0;0.0;0.0;30.0;0.0;0.0;152;238.0
31;MG;1996;336.0;559.0;501;77;579.0;87.0;2.0;0.0;1075.0;0.0;0.0;185.0;2.0;0.0;647;1261.0
32;ES;1996;351.0;597.0;518;54;573.0;63.0;0.0;0.0;1067.0;0.0;0.0;123.0;0.0;0.0;661;1191.0
12;AC;1996;28.0;56.0;42;7;49.0;5.0;1.0;0.0;89.0;0.0;0.0;15.0;1.0;0.0;61;104.0
24;RN;1996;69.0;131.0;98;15;113.0;12.0;0.0;0.0;206.0;0.0;0.0;35.0;0.0;0.0;143;241.0
15;PA;1996;174.0;318.0;310;38;348.0;31.0;1.0;0.0;622.0;0.0;0.0;78.0;1.0;0.0;349;700.0
16;AP;1996;54.0;80.0;80;11;91.0;9.0;0.0;0.0;141.0;0.0;0.0;16.0;0.0;0.0;89;157.0
17;TO;1996;23.0;43.0;48;5;53.0;6.0;0.0;0.0;105.0;0.0;0.0;21.0;0.0;0.0;49;126.0
21;MA;1996;88.0;174.0;148;14;162.0;12.0;0.0;0.0;330.0;0.0;0.0;31.0;0.0;0.0;187;363.0
22;PI;1996;20.0;38.0;48;2;50.0;2.0;0.0;0.0;102.0;0.0;0.0;14.0;0.0;0.0;40;117.0
23;CE;1996;192.0;320.0;405;36;443.0;29.0;0.0;0.0;793.0;0.0;0.0;84.0;0.0;0.0;351;885.0
32;ES;1997;526.0;887.0;667;58;725.0;67.0;105.0;262.0;1287.0;16.0;20.0;128.0;121.0;283.0;955;1416.0
53;DF;1997;282.0;402.0;328;21;349.0;30.0;73.0;388.0;565.0;10.0;31.0;48.0;83.0;419.0;432;613.0
52;GO;1997;207.0;387.0;293;32;327.0;42.0;68.0;121.0;646.0;13.0;16.0;94.0;81.0;137.0;431;744.0
51;MT;1997;189.0;398.0;268;34;302.0;36.0;91.0;212.0;673.0;21.0;23.0;88.0;113.0;235.0;437;766.0
50;MS;1997;232.0;453.0;285;22;307.0;38.0;3.0;1.0;652.0;0.0;0.0;71.0;3.0;1.0;495;729.0
43;RS;1997;580.0;1029.0;694;71;765.0;118.0;1081.0;232.0;1458.0;144.0;23.0;190.0;1225.0;255.0;1147;1648.0
42;SC;1997;97.0;205.0;156;17;173.0;20.0;111.0;10.0;372.0;12.0;1.0;51.0;123.0;11.0;225;423.0
41;PR;1997;463.0;832.0;651;67;718.0;64.0;328.0;66.0;1424.0;36.0;4.0;157.0;364.0;70.0;896;1581.0
35;SP;1997;3274.0;4973.0;6534;502;7036.0;404.0;2671.0;2055.0;11509.0;274.0;151.0;1028.0;2945.0;2206.0;5377;12537.0
33;RJ;1997;3413.0;5746.0;3901;243;4144.0;408.0;2217.0;3940.0;7298.0;250.0;294.0;646.0;2468.0;4238.0;6161;7954.0
11;RO;1997;92.0;186.0;137;17;154.0;20.0;32.0;47.0;322.0;8.0;4.0;33.0;40.0;51.0;206;355.0
12;AC;1997;37.0;49.0;55;4;59.0;6.0;7.0;3.0;86.0;0.0;3.0;14.0;7.0;6.0;55;100.0
13;AM;1997;124.0;187.0;257;19;277.0;13.0;36.0;353.0;433.0;4.0;25.0;33.0;40.0;380.0;202;468.0
14;RR;1997;23.0;37.0;37;5;42.0;3.0;5.0;13.0;80.0;1.0;2.0;10.0;6.0;15.0;40;90.0
15;PA;1997;211.0;371.0;359;27;386.0;36.0;28.0;237.0;678.0;2.0;23.0;76.0;30.0;260.0;407;754.0
16;AP;1997;31.0;51.0;80;5;85.0;6.0;13.0;73.0;128.0;2.0;7.0;12.0;15.0;80.0;57;140.0
17;TO;1997;26.0;46.0;40;7;47.0;4.0;21.0;29.0;93.0;3.0;4.0;19.0;24.0;33.0;50;112.0
21;MA;1997;71.0;127.0;132;17;149.0;19.0;33.0;170.0;285.0;8.0;18.0;46.0;41.0;189.0;148;333.0
22;PI;1997;19.0;42.0;68;4;72.0;4.0;13.0;76.0;129.0;3.0;8.0;13.0;16.0;84.0;46;142.0
23;CE;1997;250.0;417.0;462;33;495.0;31.0;55.0;278.0;941.0;7.0;20.0;85.0;62.0;298.0;448;1026.0
24;RN;1997;89.0;139.0;114;10;124.0;14.0;54.0;118.0;208.0;12.0;10.0;27.0;66.0;128.0;153;235.0
25;PB;1997;166.0;299.0;225;21;247.0;27.0;26.0;67.0;449.0;1.0;8.0;42.0;27.0;75.0;327;492.0
26;PE;1997;1779.0;2850.0;1954;98;2057.0;145.0;313.0;586.0;3463.0;33.0;37.0;243.0;347.0;624.0;3000;3713.0
27;AL;1997;196.0;436.0;225;33;258.0;43.0;43.0;124.0;580.0;4.0;8.0;62.0;47.0;132.0;479;642.0
29;BA;1997;850.0;1328.0;1013;80;1093.0;98.0;14.0;120.0;1805.0;4.0;11.0;175.0;18.0;131.0;1426;1981.0
28;SE;1997;7600.0;109.0;97;9;106.0;8.0;14.0;47.0;172.0;3.0;3.0;18.0;17.0;50.0;117;190.0
31;MG;1997;387.0;656.0;532;69;601.0;72.0;262.0;519.0;1168.0;49.0;60.0;179.0;311.0;579.0;728;1347.0
15;PA;1998;240.0;407.0;410;28;438.0;29.0;56.0;472.0;707.0;10.0;45.0;67.0;66.0;517.0;436;774.0
51;MT;1998;255.0;490.0;311;44;356.0;46.0;176.0;364.0;737.0;23.0;46.0;93.0;200.0;411.0;537;832.0
52;GO;1998;217.0;390.0;294;24;325.0;36.0;71.0;180.0;616.0;12.0;12.0;76.0;84.0;193.0;434;704.0
53;DF;1998;316.0;439.0;354;27;381.0;35.0;73.0;415.0;579.0;13.0;37.0;54.0;86.0;452.0;474;633.0
50;MS;1998;210.0;376.0;268;38;306.0;41.0;10.0;8.0;595.0;3.0;2.0;73.0;13.0;10.0;418;670.0
43;RS;1998;546.0;958.0;641;75;716.0;100.0;1019.0;231.0;1343.0;137.0;30.0;181.0;1156.0;261.0;1058;1524.0
42;SC;1998;95.0;171.0;148;28;176.0;27.0;179.0;34.0;345.0;44.0;2.0;69.0;223.0;36.0;198;414.0
41;PR;1998;513.0;893.0;693;69;762.0;68.0;827.0;232.0;1447.0;117.0;22.0;178.0;944.0;254.0;961;1625.0
35;SP;1998;3833.0;5920.0;7502;518;8020.0;382.0;6291.0;5434.0;12952.0;573.0;351.0;1034.0;6864.0;5785.0;6302;13986.0
33;RJ;1998;3328.0;5570.0;3783;223;4008.0;398.0;2246.0;3631.0;7000.0;202.0;255.0;560.0;2452.0;3891.0;5978;7573.0
32;ES;1998;669.0;1066.0;816;64;880.0;93.0;156.0;328.0;1508.0;22.0;32.0;163.0;178.0;360.0;1161;1675.0
31;MG;1998;480.0;788.0;648;81;729.0;77.0;363.0;700.0;1310.0;57.0;92.0;201.0;420.0;792.0;865;1511.0
28;SE;1998;8310.0;99.0;84;3;87.0;6.0;12.0;79.0;162.0;2.0;5.0;13.0;14.0;84.0;105;175.0
29;BA;1998;462.0;760.0;616;39;656.0;38.0;44.0;248.0;1169.0;3.0;24.0;101.0;47.0;273.0;799;1271.0
27;AL;1998;192.0;386.0;234;26;260.0;28.0;47.0;216.0;537.0;8.0;18.0;45.0;55.0;234.0;414;582.0
26;PE;1998;2221.0;3453.0;2437;122;2560.0;196.0;485.0;1106.0;4141.0;60.0;65.0;277.0;545.0;1171.0;3651;4423.0
25;PB;1998;165.0;267.0;215;24;239.0;24.0;25.0;82.0;414.0;6.0;5.0;41.0;31.0;87.0;291;455.0
24;RN;1998;83.0;131.0;115;9;124.0;9.0;37.0;119.0;202.0;8.0;7.0;20.0;45.0;126.0;140;222.0
23;CE;1998;251.0;457.0;447;27;474.0;26.0;97.0;305.0;889.0;11.0;11.0;56.0;108.0;316.0;483;946.0
22;PI;1998;23.0;35.0;66;8;74.0;4.0;15.0;78.0;119.0;5.0;12.0;20.0;20.0;90.0;40;140.0
21;MA;1998;68.0;121.0;118;13;131.0;9.0;29.0;177.0;247.0;5.0;18.0;30.0;34.0;196.0;130;278.0
17;TO;1998;30.0;65.0;41;10;51.0;13.0;33.0;53.0;110.0;4.0;12.0;19.0;37.0;65.0;78;129.0
16;AP;1998;43.0;64.0;92;5;97.0;7.0;8.0;134.0;148.0;3.0;9.0;12.0;11.0;143.0;71;160.0
14;RR;1998;31.0;46.0;59;5;64.0;7.0;20.0;91.0;122.0;3.0;9.0;12.0;23.0;100.0;53;134.0
13;AM;1998;139.0;206.0;309;33;342.0;22.0;26.0;404.0;481.0;2.0;45.0;52.0;28.0;449.0;228;534.0
12;AC;1998;34.0;53.0;55;4;59.0;5.0;10.0;21.0;98.0;1.0;1.0;12.0;11.0;22.0;58;110.0
11;RO;1998;141.0;290.0;189;20;209.0;21.0;72.0;105.0;449.0;11.0;7.0;45.0;83.0;112.0;311;494.0
52;GO;1999;290.0;472.0;366;50;416.0;60.0;148.0;245.0;733.0;40.0;28.0;117.0;188.0;274.0;534;853.0
51;MT;1999;218.0;441.0;304;33;337.0;35.0;200.0;387.0;751.0;23.0;34.0;71.0;223.0;421.0;476;822.0
50;MS;1999;169.0;315.0;240;24;264.0;36.0;137.0;124.0;508.0;19.0;13.0;63.0;156.0;137.0;351;571.0
43;RS;1999;596.0;995.0;711;68;779.0;90.0;1039.0;249.0;1370.0;134.0;21.0;163.0;1173.0;270.0;1085;1533.0
42;SC;1999;77.0;160.0;128;19;147.0;19.0;217.0;44.0;335.0;42.0;1.0;50.0;259.0;45.0;179;385.0
41;PR;1999;580.0;945.0;749;64;813.0;81.0;1025.0;262.0;1522.0;126.0;30.0;182.0;1151.0;292.0;1027;1706.0
35;SP;1999;4905.0;7567.0;8490;529;9019.0;450.0;7723.0;6182.0;14640.0;644.0;412.0;1123.0;8367.0;6594.0;8017;15763.0
33;RJ;1999;3365.0;5607.0;3650;225;3876.0;380.0;2212.0;3726.0;6695.0;232.0;265.0;543.0;2446.0;3994.0;6002;7261.0
32;ES;1999;664.0;1041.0;752;63;815.0;80.0;208.0;554.0;1396.0;22.0;45.0;128.0;230.0;599.0;1121;1524.0
31;MG;1999;413.0;650.0;693;98;792.0;74.0;368.0;732.0;1373.0;69.0;110.0;222.0;437.0;842.0;725;1596.0
28;SE;1999;9347.0;194.0;149;18;168.0;21.0;32.0;101.0;288.0;7.0;12.0;40.0;39.0;114.0;216;329.0
29;BA;1999;313.0;520.0;442;33;475.0;31.0;88.0;305.0;823.0;9.0;41.0;88.0;97.0;346.0;551;913.0
27;AL;1999;202.0;353.0;252;21;273.0;29.0;47.0;338.0;499.0;7.0;30.0;55.0;54.0;368.0;382;554.0
26;PE;1999;2166.0;3401.0;2282;130;2414.0;206.0;528.0;2186.0;3949.0;55.0;143.0;265.0;583.0;2329.0;3610;4217.0
25;PB;1999;138.0;237.0;189;13;202.0;19.0;34.0;111.0;369.0;13.0;7.0;34.0;47.0;118.0;256;403.0
24;RN;1999;58.0;123.0;78;6;84.0;15.0;50.0;122.0;200.0;7.0;13.0;24.0;57.0;135.0;138;224.0
23;CE;1999;262.0;497.0;478;34;512.0;31.0;145.0;518.0;1012.0;19.0;34.0;91.0;164.0;552.0;528;1104.0
22;PI;1999;33.0;55.0;71;4;75.0;1.0;18.0;85.0;126.0;0.0;6.0;7.0;18.0;91.0;56;133.0
21;MA;1999;44.0;95.0;105;7;113.0;7.0;37.0;135.0;233.0;3.0;14.0;27.0;41.0;149.0;102;262.0
17;TO;1999;38.0;64.0;57;11;68.0;6.0;43.0;60.0;121.0;3.0;9.0;16.0;46.0;69.0;70;137.0
16;AP;1999;41.0;55.0;113;11;124.0;5.0;10.0;163.0;175.0;1.0;16.0;17.0;11.0;179.0;60;192.0
15;PA;1999;175.0;325.0;297;16;314.0;18.0;66.0;462.0;601.0;1.0;31.0;39.0;67.0;494.0;344;642.0
14;RR;1999;34.0;54.0;73;4;77.0;6.0;49.0;82.0;139.0;8.0;6.0;15.0;57.0;88.0;60;154.0
13;AM;1999;137.0;203.0;292;24;316.0;19.0;33.0;422.0;475.0;4.0;45.0;51.0;38.0;467.0;222;527.0
12;AC;1999;6.0;12.0;22;4;26.0;2.0;12.0;15.0;44.0;3.0;2.0;7.0;15.0;17.0;14;51.0
11;RO;1999;129.0;298.0;155;16;171.0;23.0;96.0;153.0;392.0;12.0;15.0;38.0;109.0;168.0;322;432.0
53;DF;1999;310.0;420.0;371;31;402.0;34.0;83.0;440.0;598.0;15.0;40.0;60.0;98.0;480.0;454;659.0
15;PA;2000;247.0;261.0;388;30;418.0;24.0;88.0;603.0;743.0;7.0;55.0;63.0;95.0;658.0;461;806.0
12;AC;2000;21.0;35.0;58;9;67.0;4.0;44.0;44.0;93.0;5.0;7.0;13.0;49.0;51.0;39;106.0
27;AL;2000;277.0;234.0;365;30;395.0;33.0;92.0;487.0;663.0;10.0;46.0;64.0;102.0;533.0;484;727.0
13;AM;2000;165.0;437.0;331;21;352.0;13.0;42.0;454.0;516.0;6.0;28.0;36.0;48.0;482.0;247;552.0
16;AP;2000;24.0;43.0;105;2;107.0;2.0;12.0;124.0;152.0;0.0;4.0;4.0;12.0;128.0;33;156.0
29;BA;2000;451.0;31.0;607;59;666.0;59.0;79.0;802.0;1108.0;15.0;90.0;132.0;94.0;892.0;766;1242.0
23;CE;2000;340.0;89.0;577;43;620.0;54.0;182.0;656.0;1131.0;29.0;51.0;106.0;211.0;708.0;657;1238.0
53;DF;2000;334.0;129.0;388;19;407.0;23.0;97.0;533.0;644.0;7.0;32.0;41.0;104.0;565.0;501;687.0
32;ES;2000;576.0;96.0;692;52;744.0;63.0;237.0;624.0;1322.0;23.0;49.0;113.0;260.0;673.0;1004;1435.0
52;GO;2000;406.0;603.0;482;65;548.0;71.0;269.0;472.0;940.0;51.0;53.0;142.0;320.0;526.0;706;1085.0
21;MA;2000;64.0;138.0;170;17;187.0;12.0;56.0;230.0;320.0;4.0;24.0;32.0;60.0;254.0;141;352.0
31;MG;2000;900.0;451.0;1058;108;1166.0;117.0;541.0;1126.0;1857.0;102.0;125.0;252.0;643.0;1251.0;1420;2109.0
50;MS;2000;246.0;3405.0;281;33;314.0;41.0;259.0;273.0;577.0;38.0;30.0;72.0;297.0;303.0;448;651.0
51;MT;2000;325.0;340.0;396;26;422.0;43.0;303.0;561.0;909.0;33.0;47.0;81.0;336.0;608.0;691;990.0
25;PB;2000;227.0;705.0;277;20;297.0;32.0;52.0;351.0;463.0;7.0;32.0;44.0;59.0;383.0;372;507.0
26;PE;2000;2190.0;941.0;2317;153;2470.0;212.0;476.0;3003.0;3980.0;70.0;202.0;310.0;546.0;3205.0;3617;4290.0
22;PI;2000;55.0;5744.0;118;7;126.0;2.0;33.0;138.0;214.0;3.0;8.0;14.0;36.0;147.0;98;230.0
41;PR;2000;620.0;1303.0;833;59;892.0;76.0;1242.0;331.0;1623.0;137.0;22.0;164.0;1379.0;353.0;1093;1789.0
33;RJ;2000;3459.0;9043.0;3761;220;3982.0;375.0;2447.0;4003.0;6795.0;246.0;265.0;540.0;2694.0;4271.0;6126;7350.0
24;RN;2000;79.0;1015.0;109;13;122.0;9.0;50.0;161.0;235.0;11.0;10.0;22.0;61.0;171.0;147;257.0
11;RO;2000;127.0;259.0;191;19;210.0;18.0;109.0;230.0;419.0;14.0;22.0;46.0;123.0;252.0;277;466.0
14;RR;2000;28.0;1159.0;59;9;68.0;4.0;18.0;89.0;108.0;10.0;12.0;22.0;28.0;101.0;47;130.0
43;RS;2000;662.0;196.0;747;53;800.0;91.0;1216.0;250.0;1491.0;147.0;22.0;175.0;1363.0;272.0;1250;1668.0
42;SC;2000;99.0;407.0;154;18;172.0;26.0;292.0;47.0;380.0;40.0;9.0;53.0;332.0;56.0;222;433.0
28;SE;2000;157.0;633.0;208;10;218.0;18.0;62.0;171.0;373.0;5.0;15.0;37.0;67.0;186.0;279;410.0
35;SP;2000;6116.0;648.0;8705;544;9249.0;599.0;8110.0;6029.0;14441.0;740.0;378.0;1150.0;8850.0;6407.0;9642;15591.0
17;TO;2000;57.0;477.0;81;5;86.0;8.0;52.0;103.0;160.0;5.0;10.0;16.0;57.0;113.0;97;176.0
12;AC;2001;36.0;51.0;64;8;72.0;3.0;31.0;65.0;109.0;4.0;5.0;12.0;35.0;70.0;54;121.0
27;AL;2001;369.0;184.0;456;23;480.0;29.0;95.0;557.0;775.0;11.0;31.0;54.0;106.0;589.0;604;830.0
13;AM;2001;124.0;497.0;258;27;285.0;15.0;50.0;371.0;430.0;8.0;45.0;55.0;58.0;416.0;199;485.0
16;AP;2001;21.0;41.0;108;7;115.0;1.0;13.0;155.0;170.0;2.0;9.0;12.0;15.0;164.0;43;182.0
29;BA;2001;702.0;42.0;848;39;887.0;50.0;132.0;1130.0;1500.0;13.0;81.0;122.0;145.0;1211.0;1129;1622.0
23;CE;2001;343.0;120.0;604;47;651.0;43.0;164.0;638.0;1170.0;21.0;58.0;114.0;185.0;696.0;638;1284.0
53;DF;2001;362.0;202.0;419;28;447.0;25.0;87.0;549.0;649.0;8.0;34.0;44.0;95.0;583.0;495;693.0
32;ES;2001;609.0;95.0;723;60;784.0;80.0;222.0;680.0;1319.0;33.0;58.0;132.0;255.0;738.0;1019;1452.0
52;GO;2001;420.0;595.0;533;58;591.0;64.0;306.0;606.0;1035.0;42.0;61.0;131.0;348.0;667.0;752;1167.0
21;MA;2001;120.0;202.0;271;25;296.0;19.0;81.0;403.0;509.0;16.0;36.0;54.0;97.0;439.0;221;563.0
31;MG;2001;957.0;575.0;1153;102;1255.0;97.0;673.0;1304.0;2124.0;94.0;119.0;241.0;767.0;1423.0;1558;2366.0
50;MS;2001;190.0;3748.0;235;32;267.0;35.0;265.0;277.0;555.0;29.0;31.0;64.0;294.0;308.0;395;621.0
51;MT;2001;286.0;323.0;384;43;427.0;42.0;276.0;573.0;880.0;33.0;56.0;92.0;309.0;629.0;582;973.0
15;PA;2001;289.0;347.0;469;46;515.0;46.0;96.0;725.0;869.0;20.0;74.0;97.0;116.0;799.0;543;966.0
25;PB;2001;211.0;1079.0;264;24;288.0;23.0;47.0;298.0;439.0;9.0;31.0;45.0;56.0;329.0;346;484.0
26;PE;2001;2442.0;939.0;2616;127;2744.0;194.0;491.0;3441.0;4409.0;55.0;206.0;294.0;546.0;3647.0;3949;4710.0
22;PI;2001;64.0;5740.0;113;20;133.0;7.0;34.0;155.0;226.0;7.0;24.0;35.0;41.0;179.0;102;262.0
41;PR;2001;731.0;1461.0;946;95;1041.0;101.0;1469.0;333.0;1852.0;169.0;24.0;197.0;1639.0;358.0;1269;2052.0
33;RJ;2001;3511.0;10006.0;3726;236;3962.0;384.0;2306.0;4003.0;6767.0;206.0;306.0;566.0;2514.0;4309.0;6134;7362.0
24;RN;2001;108.0;1165.0;140;16;156.0;14.0;58.0;204.0;297.0;5.0;17.0;24.0;63.0;221.0;216;322.0
11;RO;2001;157.0;343.0;208;32;240.0;34.0;178.0;275.0;508.0;23.0;35.0;65.0;201.0;310.0;377;573.0
14;RR;2001;20.0;1241.0;48;3;51.0;1.0;21.0;76.0;101.0;1.0;6.0;7.0;22.0;82.0;42;108.0
43;RS;2001;719.0;244.0;807;73;880.0;102.0;1342.0;300.0;1674.0;156.0;17.0;180.0;1498.0;317.0;1343;1854.0
42;SC;2001;133.0;358.0;189;25;214.0;25.0;320.0;61.0;417.0;41.0;7.0;60.0;361.0;68.0;269;477.0
28;SE;2001;228.0;687.0;291;7;298.0;19.0;80.0;256.0;487.0;6.0;15.0;31.0;86.0;271.0;366;518.0
35;SP;2001;6588.0;539.0;8655;538;9193.0;618.0;8301.0;6096.0;14669.0;699.0;379.0;1100.0;9000.0;6475.0;10625;15773.0
17;TO;2001;60.0;470.0;79;10;89.0;11.0;60.0;126.0;189.0;9.0;14.0;23.0;69.0;140.0;131;212.0
12;AC;2002;40.0;63.0;84;6;90.0;3.0;43.0;92.0;140.0;3.0;8.0;11.0;46.0;100.0;66;151.0
27;AL;2002;435.0;186.0;529;30;559.0;45.0;99.0;616.0;921.0;7.0;39.0;70.0;106.0;655.0;720;991.0
13;AM;2002;116.0;661.0;295;17;312.0;15.0;53.0;415.0;478.0;7.0;27.0;35.0;60.0;442.0;201;513.0
16;AP;2002;28.0;43.0;115;5;120.0;5.0;14.0;149.0;169.0;4.0;8.0;12.0;18.0;157.0;50;181.0
29;BA;2002;777.0;45.0;949;65;1014.0;60.0;134.0;1209.0;1634.0;15.0;88.0;123.0;149.0;1298.0;1220;1759.0
23;CE;2002;422.0;76.0;669;60;729.0;49.0;126.0;657.0;1320.0;16.0;48.0;125.0;142.0;705.0;741;1445.0
53;DF;2002;338.0;239.0;385;31;416.0;29.0;80.0;503.0;591.0;13.0;36.0;50.0;93.0;539.0;469;641.0
32;ES;2002;760.0;110.0;862;74;936.0;88.0;261.0;742.0;1494.0;29.0;71.0;149.0;290.0;813.0;1221;1644.0
52;GO;2002;520.0;692.0;647;62;709.0;76.0;361.0;666.0;1225.0;50.0;68.0;145.0;411.0;734.0;893;1370.0
21;MA;2002;115.0;186.0;289;13;302.0;14.0;90.0;462.0;567.0;7.0;31.0;39.0;97.0;493.0;253;606.0
31;MG;2002;1249.0;675.0;1504;120;1624.0;142.0;783.0;1776.0;2700.0;120.0;151.0;294.0;903.0;1927.0;2049;2994.0
50;MS;2002;203.0;3453.0;283;30;313.0;34.0;284.0;298.0;605.0;41.0;35.0;77.0;325.0;333.0;421;684.0
51;MT;2002;279.0;393.0;377;37;414.0;45.0;283.0;549.0;856.0;37.0;53.0;92.0;320.0;602.0;582;948.0
15;PA;2002;373.0;388.0;601;31;632.0;33.0;127.0;974.0;1119.0;10.0;62.0;73.0;137.0;1036.0;694;1192.0
25;PB;2002;227.0;1159.0;299;22;322.0;25.0;44.0;405.0;551.0;7.0;26.0;46.0;51.0;432.0;425;607.0
26;PE;2002;2267.0;1132.0;2474;113;2588.0;182.0;459.0;3395.0;4118.0;75.0;178.0;274.0;534.0;3574.0;3639;4396.0
22;PI;2002;65.0;6308.0;153;9;162.0;10.0;37.0;214.0;279.0;6.0;18.0;27.0;43.0;232.0;120;308.0
41;PR;2002;920.0;1907.0;1147;86;1233.0;92.0;1644.0;377.0;2061.0;167.0;35.0;204.0;1811.0;413.0;1494;2266.0
33;RJ;2002;3888.0;8867.0;4329;225;4555.0;362.0;2631.0;4634.0;7748.0;236.0;284.0;560.0;2869.0;4923.0;6678;8335.0
24;RN;2002;95.0;1402.0;133;10;143.0;7.0;58.0;201.0;276.0;9.0;12.0;23.0;67.0;213.0;193;299.0
11;RO;2002;179.0;371.0;265;17;282.0;21.0;177.0;351.0;569.0;12.0;25.0;44.0;189.0;376.0;393;615.0
14;RR;2002;20.0;1266.0;64;7;71.0;5.0;25.0;83.0;110.0;3.0;9.0;12.0;28.0;92.0;48;122.0
43;RS;2002;757.0;281.0;877;76;953.0;107.0;1402.0;288.0;1714.0;162.0;34.0;198.0;1564.0;322.0;1373;1912.0
42;SC;2002;162.0;386.0;231;32;263.0;36.0;396.0;75.0;510.0;61.0;9.0;75.0;457.0;84.0;317;585.0
28;SE;2002;247.0;817.0;307;16;323.0;14.0;61.0;362.0;519.0;7.0;22.0;37.0;68.0;384.0;402;556.0
35;SP;2002;6042.0;537.0;8077;533;8610.0;547.0;7611.0;5643.0;13471.0;673.0;363.0;1053.0;8285.0;6006.0;9415;14526.0
17;TO;2002;43.0;440.0;73;9;82.0;7.0;39.0;110.0;150.0;4.0;16.0;20.0;43.0;126.0;83;170.0
12;AC;2003;31.0;52.0;69;9;78.0;5.0;35.0;91.0;132.0;6.0;7.0;15.0;41.0;98.0;57;147.0
27;AL;2003;476.0;157.0;586;29;615.0;34.0;58.0;591.0;972.0;5.0;39.0;67.0;63.0;630.0;774;1039.0
13;AM;2003;111.0;826.0;324;19;343.0;14.0;47.0;465.0;523.0;5.0;30.0;35.0;52.0;495.0;171;558.0
16;AP;2003;51.0;38.0;125;8;133.0;5.0;9.0;159.0;170.0;2.0;12.0;15.0;11.0;171.0;70;185.0
29;BA;2003;1008.0;65.0;1204;68;1272.0;68.0;140.0;1565.0;2014.0;18.0;100.0;152.0;158.0;1665.0;1588;2166.0
23;CE;2003;449.0;93.0;727;44;771.0;46.0;149.0;708.0;1460.0;10.0;40.0;103.0;159.0;748.0;846;1563.0
53;DF;2003;381.0;324.0;428;26;454.0;41.0;95.0;578.0;678.0;14.0;45.0;62.0;109.0;623.0;562;742.0
32;ES;2003;699.0;133.0;836;57;893.0;71.0;293.0;816.0;1487.0;42.0;67.0;141.0;335.0;883.0;1179;1629.0
52;GO;2003;522.0;800.0;647;66;713.0;69.0;301.0;709.0;1201.0;45.0;74.0;143.0;346.0;784.0;868;1346.0
21;MA;2003;176.0;272.0;389;30;419.0;27.0;109.0;599.0;726.0;11.0;58.0;69.0;120.0;657.0;351;795.0
31;MG;2003;1814.0;740.0;2062;179;2241.0;200.0;996.0;2340.0;3493.0;152.0;199.0;376.0;1148.0;2539.0;2815;3869.0
50;MS;2003;240.0;3580.0;318;26;344.0;35.0;268.0;355.0;640.0;35.0;27.0;64.0;303.0;382.0;430;705.0
51;MT;2003;270.0;436.0;368;38;406.0;40.0;266.0;544.0;818.0;34.0;53.0;90.0;300.0;597.0;555;908.0
15;PA;2003;466.0;321.0;700;47;747.0;45.0;137.0;1159.0;1311.0;15.0;78.0;93.0;152.0;1237.0;871;1405.0
25;PB;2003;260.0;1520.0;325;14;339.0;22.0;44.0;458.0;579.0;4.0;25.0;35.0;48.0;484.0;459;616.0
26;PE;2003;2298.0;1107.0;2513;132;2645.0;186.0;493.0;3375.0;4243.0;53.0;187.0;274.0;546.0;3562.0;3766;4517.0
22;PI;2003;83.0;6024.0;137;19;156.0;10.0;27.0;217.0;265.0;7.0;24.0;32.0;34.0;241.0;143;298.0
41;PR;2003;1065.0;2615.0;1265;102;1368.0;119.0;1887.0;380.0;2326.0;190.0;32.0;227.0;2078.0;412.0;1748;2555.0
33;RJ;2003;3675.0;9032.0;4303;214;4517.0;336.0;2499.0;4671.0;7579.0;228.0;277.0;527.0;2728.0;4948.0;6365;8115.0
24;RN;2003;155.0;1627.0;183;17;200.0;17.0;81.0;261.0;373.0;14.0;16.0;32.0;95.0;277.0;289;405.0
11;RO;2003;155.0;348.0;207;24;231.0;33.0;149.0;346.0;514.0;22.0;29.0;51.0;171.0;375.0;381;566.0
14;RR;2003;16.0;1270.0;50;3;53.0;3.0;21.0;75.0;100.0;1.0;5.0;6.0;22.0;80.0;41;106.0
43;RS;2003;755.0;384.0;871;61;932.0;95.0;1391.0;331.0;1731.0;152.0;23.0;177.0;1543.0;354.0;1365;1908.0
42;SC;2003;220.0;395.0;283;30;313.0;30.0;442.0;93.0;600.0;52.0;8.0;70.0;494.0;101.0;414;670.0
28;SE;2003;200.0;797.0;247;12;259.0;18.0;54.0;262.0;435.0;8.0;16.0;34.0;62.0;278.0;339;469.0
35;SP;2003;6132.0;515.0;7826;522;8348.0;538.0;7487.0;5461.0;13017.0;640.0;378.0;1029.0;8127.0;5839.0;9570;14048.0
17;TO;2003;47.0;520.0;80;7;87.0;5.0;37.0;144.0;182.0;5.0;17.0;22.0;42.0;161.0;98;204.0
12;AC;2004;31.0;42.0;71;4;75.0;7.0;24.0;73.0;104.0;3.0;7.0;10.0;27.0;80.0;49;114.0
27;AL;2004;481.0;213.0;589;34;623.0;35.0;43.0;666.0;960.0;9.0;42.0;75.0;52.0;708.0;754;1035.0
13;AM;2004;136.0;927.0;290;19;309.0;14.0;63.0;406.0;477.0;13.0;34.0;49.0;76.0;440.0;227;526.0
16;AP;2004;51.0;30.0;108;8;116.0;5.0;9.0;146.0;157.0;1.0;14.0;15.0;10.0;160.0;74;172.0
29;BA;2004;1023.0;69.0;1222;89;1311.0;78.0;139.0;1704.0;2064.0;20.0;155.0;195.0;159.0;1859.0;1590;2262.0
23;CE;2004;524.0;94.0;774;52;826.0;51.0;125.0;655.0;1459.0;15.0;44.0;123.0;140.0;699.0;916;1582.0
53;DF;2004;360.0;332.0;410;26;436.0;29.0;101.0;538.0;642.0;8.0;43.0;52.0;109.0;582.0;506;696.0
32;ES;2004;761.0;123.0;875;61;936.0;80.0;227.0;859.0;1482.0;33.0;69.0;137.0;260.0;928.0;1188;1619.0
52;GO;2004;601.0;865.0;757;59;816.0;50.0;411.0;830.0;1377.0;64.0;64.0;142.0;475.0;896.0;988;1524.0
21;MA;2004;196.0;228.0;373;25;398.0;23.0;79.0;587.0;679.0;9.0;44.0;53.0;88.0;631.0;355;732.0
31;MG;2004;2154.0;719.0;2386;185;2571.0;220.0;1063.0;2686.0;3913.0;115.0;230.0;373.0;1178.0;2916.0;3255;4286.0
50;MS;2004;217.0;3155.0;296;23;319.0;24.0;245.0;342.0;601.0;24.0;30.0;55.0;269.0;372.0;387;656.0
51;MT;2004;236.0;431.0;352;49;401.0;36.0;234.0;512.0;754.0;39.0;60.0;99.0;273.0;572.0;454;853.0
15;PA;2004;539.0;286.0;768;43;811.0;42.0;143.0;1274.0;1426.0;14.0;77.0;93.0;157.0;1351.0;969;1519.0
25;PB;2004;257.0;1511.0;333;17;350.0;41.0;40.0;493.0;611.0;5.0;47.0;60.0;45.0;540.0;472;675.0
26;PE;2004;2125.0;1108.0;2348;142;2490.0;189.0;388.0;3224.0;3898.0;56.0;206.0;276.0;444.0;3430.0;3344;4174.0
22;PI;2004;80.0;5852.0;156;17;173.0;8.0;40.0;237.0;301.0;10.0;14.0;26.0;50.0;251.0;131;327.0
41;PR;2004;1185.0;3035.0;1447;119;1566.0;132.0;2030.0;495.0;2573.0;202.0;41.0;249.0;2233.0;537.0;1912;2826.0
33;RJ;2004;3555.0;7152.0;4144;205;4349.0;338.0;2307.0;4536.0;7221.0;230.0;251.0;506.0;2537.0;4787.0;6193;7731.0
24;RN;2004;134.0;1776.0;172;9;181.0;9.0;61.0;233.0;323.0;4.0;13.0;21.0;65.0;246.0;237;344.0
11;RO;2004;170.0;313.0;265;15;280.0;20.0;147.0;358.0;529.0;17.0;13.0;33.0;164.0;372.0;334;563.0
14;RR;2004;15.0;1326.0;38;6;44.0;1.0;13.0;63.0;78.0;3.0;3.0;7.0;16.0;66.0;31;85.0
43;RS;2004;837.0;345.0;936;80;1016.0;106.0;1414.0;358.0;1787.0;167.0;26.0;195.0;1581.0;384.0;1432;1982.0
42;SC;2004;202.0;363.0;258;23;281.0;32.0;427.0;92.0;559.0;63.0;7.0;79.0;490.0;99.0;377;638.0
28;SE;2004;167.0;937.0;220;14;234.0;14.0;43.0;255.0;424.0;6.0;15.0;29.0;49.0;270.0;301;454.0
35;SP;2004;4743.0;418.0;6045;401;6446.0;458.0;5958.0;4434.0;10474.0;572.0;285.0;861.0;6530.0;4720.0;7611;11336.0
17;TO;2004;47.0;476.0;91;8;99.0;6.0;45.0;135.0;180.0;4.0;14.0;18.0;49.0;149.0;100;198.0
13;AM;2005;161.0;1139.0;333;23;356.0;13.0;66.0;466.0;551.0;7.0;40.0;48.0;73.0;506.0;264;599.0
17;TO;2005;39.0;427.0;80;8;88.0;6.0;35.0;133.0;169.0;6.0;15.0;21.0;41.0;148.0;78;190.0
35;SP;2005;3415.0;454.0;4379;340;4719.0;367.0;4575.0;3474.0;8091.0;512.0;260.0;776.0;5087.0;3734.0;5796;8870.0
28;SE;2005;185.0;885.0;238;11;249.0;12.0;69.0;323.0;459.0;4.0;22.0;28.0;73.0;345.0;318;487.0
42;SC;2005;231.0;319.0;295;27;322.0;33.0;422.0;88.0;564.0;54.0;6.0;68.0;476.0;94.0;392;633.0
43;RS;2005;836.0;359.0;957;77;1034.0;114.0;1415.0;385.0;1812.0;186.0;22.0;209.0;1601.0;407.0;1473;2021.0
14;RR;2005;8.0;1359.0;40;2;42.0;2.0;18.0;64.0;84.0;2.0;9.0;11.0;20.0;73.0;28;95.0
11;RO;2005;175.0;342.0;220;26;246.0;25.0;134.0;361.0;506.0;14.0;30.0;49.0;148.0;391.0;367;555.0
24;RN;2005;169.0;1906.0;213;21;235.0;12.0;65.0;248.0;364.0;9.0;27.0;41.0;75.0;275.0;268;406.0
33;RJ;2005;3496.0;5427.0;3974;201;4177.0;329.0;2238.0;4385.0;6885.0;204.0;273.0;507.0;2443.0;4658.0;5978;7408.0
41;PR;2005;1303.0;2895.0;1558;100;1658.0;121.0;2094.0;589.0;2738.0;185.0;50.0;239.0;2279.0;639.0;2027;2977.0
22;PI;2005;100.0;5639.0;196;14;210.0;11.0;43.0;266.0;328.0;8.0;29.0;40.0;51.0;295.0;151;368.0
26;PE;2005;2243.0;1088.0;2482;134;2616.0;197.0;414.0;3291.0;4048.0;37.0;226.0;282.0;451.0;3517.0;3509;4330.0
25;PB;2005;310.0;1908.0;378;25;403.0;36.0;43.0;563.0;683.0;7.0;45.0;62.0;50.0;608.0;543;745.0
15;PA;2005;708.0;306.0;1024;57;1082.0;56.0;155.0;1625.0;1797.0;26.0;101.0;127.0;181.0;1726.0;1195;1926.0
51;MT;2005;265.0;507.0;373;34;407.0;32.0;227.0;579.0;815.0;38.0;51.0;89.0;265.0;631.0;487;907.0
50;MS;2005;195.0;3312.0;278;30;308.0;26.0;230.0;316.0;561.0;38.0;31.0;70.0;268.0;347.0;345;631.0
31;MG;2005;2039.0;873.0;2301;160;2461.0;204.0;999.0;2658.0;3846.0;143.0;212.0;377.0;1142.0;2870.0;3099;4223.0
21;MA;2005;276.0;256.0;481;30;511.0;21.0;130.0;725.0;877.0;8.0;49.0;58.0;138.0;774.0;489;935.0
52;GO;2005;619.0;945.0;776;54;830.0;52.0;361.0;920.0;1334.0;46.0;83.0;133.0;408.0;1003.0;937;1468.0
32;ES;2005;726.0;140.0;839;65;904.0;101.0;213.0;924.0;1453.0;30.0;90.0;149.0;243.0;1014.0;1189;1602.0
53;DF;2005;317.0;468.0;384;19;403.0;25.0;81.0;519.0;610.0;14.0;32.0;47.0;95.0;551.0;452;657.0
23;CE;2005;613.0;72.0;883;59;943.0;66.0;138.0;715.0;1555.0;16.0;45.0;143.0;154.0;760.0;1012;1699.0
29;BA;2005;1319.0;50.0;1613;90;1703.0;114.0;150.0;2216.0;2669.0;22.0;164.0;211.0;172.0;2380.0;2022;2881.0
16;AP;2005;33.0;26.0;117;6;123.0;5.0;20.0;159.0;181.0;2.0;13.0;15.0;22.0;172.0;55;196.0
27;AL;2005;537.0;251.0;660;36;696.0;36.0;61.0;766.0;1129.0;8.0;46.0;74.0;69.0;812.0;909;1203.0
12;AC;2005;18.0;35.0;60;7;67.0;1.0;26.0;79.0;111.0;5.0;8.0;13.0;31.0;87.0;36;124.0
17;TO;2006;50.0;402.0;113;8;121.0;6.0;34.0;171.0;207.0;4.0;18.0;22.0;38.0;189.0;85;229.0
51;MT;2006;282.0;589.0;394;33;427.0;22.0;212.0;605.0;825.0;28.0;42.0;70.0;241.0;647.0;497;896.0
50;MS;2006;215.0;3395.0;295;20;315.0;17.0;265.0;342.0;627.0;29.0;24.0;55.0;294.0;366.0;370;683.0
31;MG;2006;1990.0;1244.0;2220;186;2408.0;204.0;1103.0;2520.0;3783.0;138.0;238.0;392.0;1242.0;2759.0;3075;4177.0
21;MA;2006;256.0;285.0;497;30;527.0;24.0;135.0;753.0;902.0;8.0;58.0;67.0;143.0;811.0;479;969.0
52;GO;2006;602.0;1017.0;766;59;825.0;69.0;332.0;985.0;1364.0;48.0;91.0;143.0;381.0;1076.0;984;1509.0
32;ES;2006;787.0;181.0;904;78;982.0;100.0;211.0;1008.0;1578.0;44.0;103.0;183.0;255.0;1111.0;1294;1762.0
53;DF;2006;305.0;455.0;374;25;399.0;33.0;70.0;537.0;611.0;9.0;39.0;49.0;79.0;576.0;435;660.0
23;CE;2006;642.0;79.0;890;51;941.0;43.0;148.0;907.0;1658.0;17.0;65.0;134.0;165.0;972.0;1060;1792.0
15;PA;2006;771.0;388.0;1130;55;1185.0;71.0;139.0;1749.0;1930.0;21.0;118.0;140.0;160.0;1867.0;1295;2073.0
25;PB;2006;373.0;2269.0;434;24;458.0;39.0;38.0;648.0;762.0;9.0;49.0;62.0;47.0;697.0;628;825.0
26;PE;2006;2226.0;1194.0;2479;137;2616.0;197.0;351.0;3632.0;4162.0;37.0;261.0;310.0;388.0;3893.0;3592;4472.0
22;PI;2006;116.0;5460.0;221;19;240.0;11.0;47.0;329.0;386.0;4.0;28.0;32.0;51.0;357.0;192;418.0
29;BA;2006;1561.0;75.0;1824;123;1947.0;131.0;183.0;2624.0;3065.0;21.0;197.0;243.0;204.0;2821.0;2402;3311.0
41;PR;2006;1361.0;2870.0;1588;118;1706.0;140.0;2326.0;474.0;2839.0;196.0;48.0;249.0;2531.0;522.0;2229;3098.0
33;RJ;2006;3347.0;5370.0;3880;196;4076.0;319.0;2217.0;4339.0;6858.0;219.0;267.0;504.0;2436.0;4611.0;5790;7389.0
24;RN;2006;175.0;2085.0;219;15;234.0;21.0;71.0;291.0;413.0;10.0;27.0;42.0;81.0;318.0;306;455.0
11;RO;2006;189.0;356.0;234;23;257.0;25.0;125.0;386.0;531.0;19.0;31.0;51.0;145.0;418.0;383;585.0
14;RR;2006;18.0;1342.0;41;5;46.0;3.0;31.0;64.0;96.0;10.0;3.0;13.0;43.0;67.0;38;111.0
43;RS;2006;787.0;352.0;924;56;980.0;83.0;1457.0;351.0;1821.0;128.0;30.0;162.0;1585.0;381.0;1425;1983.0
42;SC;2006;226.0;353.0;290;31;321.0;34.0;439.0;78.0;574.0;70.0;15.0;92.0;509.0;93.0;386;666.0
28;SE;2006;243.0;913.0;316;18;334.0;15.0;76.0;384.0;545.0;9.0;22.0;40.0;85.0;406.0;403;585.0
35;SP;2006;3285.0;474.0;3939;346;4285.0;387.0;4315.0;3121.0;7582.0;530.0;242.0;788.0;4846.0;3364.0;5761;8377.0
16;AP;2006;49.0;35.0;125;3;128.0;0.0;11.0;176.0;189.0;3.0;10.0;13.0;14.0;186.0;75;202.0
13;AM;2006;237.0;1223.0;402;26;428.0;22.0;77.0;551.0;646.0;18.0;33.0;53.0;95.0;584.0;379;699.0
27;AL;2006;823.0;357.0;925;55;980.0;64.0;62.0;1012.0;1514.0;6.0;66.0;106.0;68.0;1078.0;1308;1620.0
12;AC;2006;23.0;48.0;81;4;85.0;2.0;36.0;94.0;143.0;6.0;8.0;15.0;42.0;102.0;50;158.0
43;RS;2007;939.0;356.0;1056;81;1137.0;100.0;1574.0;411.0;2003.0;161.0;29.0;193.0;1735.0;440.0;1661;2199.0
12;AC;2007;30.0;47.0;64;8;72.0;4.0;26.0;82.0;119.0;8.0;9.0;18.0;34.0;91.0;51;137.0
27;AL;2007;959.0;390.0;1046;56;1102.0;74.0;65.0;1179.0;1727.0;11.0;68.0;109.0;76.0;1247.0;1552;1836.0
13;AM;2007;265.0;1327.0;405;28;433.0;25.0;38.0;605.0;663.0;7.0;43.0;52.0;45.0;648.0;415;715.0
16;AP;2007;40.0;26.0;107;7;114.0;5.0;17.0;132.0;160.0;4.0;8.0;12.0;21.0;140.0;60;172.0
29;BA;2007;1770.0;55.0;2036;124;2160.0;133.0;233.0;2909.0;3408.0;27.0;207.0;249.0;260.0;3116.0;2700;3659.0
23;CE;2007;758.0;80.0;1016;50;1066.0;43.0;185.0;1283.0;1806.0;27.0;84.0;126.0;213.0;1367.0;1224;1933.0
53;DF;2007;352.0;579.0;409;22;431.0;28.0;94.0;550.0;656.0;13.0;41.0;55.0;107.0;591.0;516;711.0
32;ES;2007;823.0;169.0;929;79;1008.0;111.0;245.0;1081.0;1691.0;32.0;116.0;186.0;277.0;1197.0;1363;1877.0
52;GO;2007;643.0;1181.0;789;60;849.0;73.0;341.0;970.0;1382.0;51.0;82.0;139.0;392.0;1052.0;1009;1521.0
21;MA;2007;353.0;415.0;592;31;623.0;23.0;144.0;911.0;1063.0;13.0;50.0;63.0;157.0;962.0;602;1127.0
31;MG;2007;1914.0;1478.0;2168;176;2344.0;218.0;1030.0;2528.0;3722.0;131.0;248.0;403.0;1161.0;2776.0;2983;4125.0
50;MS;2007;222.0;3511.0;312;28;340.0;29.0;274.0;341.0;641.0;39.0;28.0;67.0;314.0;369.0;401;710.0
51;MT;2007;248.0;613.0;334;34;368.0;35.0;230.0;561.0;794.0;41.0;54.0;95.0;271.0;615.0;542;889.0
15;PA;2007;859.0;329.0;1197;66;1263.0;58.0;164.0;1841.0;2049.0;26.0;112.0;144.0;190.0;1953.0;1385;2194.0
25;PB;2007;372.0;2565.0;432;29;461.0;42.0;32.0;704.0;793.0;8.0;55.0;69.0;40.0;759.0;656;864.0
26;PE;2007;2310.0;1252.0;2558;139;2698.0;192.0;246.0;3790.0;4262.0;36.0;241.0;290.0;282.0;4032.0;3706;4557.0
22;PI;2007;103.0;4824.0;174;12;186.0;15.0;50.0;285.0;346.0;9.0;24.0;35.0;59.0;310.0;184;383.0
41;PR;2007;1450.0;2765.0;1650;110;1760.0;134.0;2220.0;575.0;2860.0;193.0;41.0;241.0;2414.0;617.0;2285;3105.0
33;RJ;2007;2967.0;3859.0;3485;167;3652.0;272.0;1883.0;3952.0;6121.0;187.0;216.0;416.0;2071.0;4169.0;5102;6551.0
24;RN;2007;249.0;2150.0;294;20;314.0;23.0;84.0;399.0;547.0;11.0;25.0;42.0;95.0;424.0;438;589.0
11;RO;2007;164.0;312.0;200;10;210.0;9.0;94.0;285.0;404.0;8.0;20.0;28.0;102.0;305.0;321;432.0
14;RR;2007;12.0;1559.0;44;3;47.0;2.0;20.0;75.0;97.0;8.0;10.0;19.0;28.0;85.0;28;116.0
42;SC;2007;233.0;371.0;292;34;328.0;21.0;450.0;88.0;560.0;60.0;6.0;70.0;510.0;94.0;377;632.0
28;SE;2007;211.0;936.0;282;12;294.0;19.0;66.0;350.0;488.0;9.0;21.0;34.0;75.0;371.0;348;522.0
35;SP;2007;2267.0;507.0;2868;267;3135.0;291.0;3315.0;2417.0;5834.0;396.0;185.0;595.0;3711.0;2602.0;4150;6437.0
17;TO;2007;33.0;488.0;83;11;94.0;8.0;29.0;164.0;196.0;2.0;26.0;28.0;31.0;191.0;88;226.0
51;MT;2008;291.0;701.0;390;38;428.0;36.0;211.0;630.0;851.0;27.0;57.0;86.0;238.0;687.0;572;937.0
42;SC;2008;302.0;370.0;373;32;406.0;43.0;600.0;100.0;715.0;74.0;8.0;86.0;674.0;108.0;505;802.0
28;SE;2008;235.0;1117.0;298;15;313.0;11.0;65.0;383.0;525.0;8.0;21.0;30.0;73.0;404.0;368;555.0
35;SP;2008;2027.0;536.0;2706;242;2948.0;292.0;3263.0;2265.0;5660.0;451.0;199.0;667.0;3715.0;2464.0;3891;6332.0
17;TO;2008;55.0;541.0;111;11;122.0;10.0;37.0;177.0;216.0;4.0;17.0;21.0;41.0;194.0;98;237.0
43;RS;2008;1011.0;461.0;1116;83;1199.0;118.0;1685.0;439.0;2161.0;184.0;32.0;219.0;1869.0;471.0;1801;2380.0
14;RR;2008;9.0;1683.0;35;3;38.0;2.0;19.0;69.0;90.0;9.0;5.0;15.0;28.0;74.0;29;105.0
11;RO;2008;136.0;269.0;195;15;210.0;17.0;120.0;298.0;440.0;16.0;20.0;39.0;136.0;319.0;286;480.0
24;RN;2008;326.0;2366.0;373;29;402.0;36.0;93.0;510.0;655.0;7.0;48.0;59.0;100.0;558.0;536;714.0
33;RJ;2008;2442.0;3598.0;2934;158;3092.0;219.0;1644.0;3365.0;5274.0;133.0;223.0;373.0;1777.0;3593.0;4336;5662.0
41;PR;2008;1591.0;2580.0;1777;137;1914.0;168.0;2413.0;640.0;3132.0;244.0;55.0;306.0;2660.0;695.0;2540;3445.0
22;PI;2008;90.0;4108.0;171;16;187.0;8.0;46.0;268.0;323.0;6.0;31.0;38.0;52.0;299.0;159;361.0
26;PE;2008;2158.0;1370.0;2482;135;2621.0;166.0;387.0;3641.0;4140.0;45.0;245.0;298.0;433.0;3888.0;3449;4446.0
25;PB;2008;447.0;3620.0;531;30;561.0;49.0;42.0;852.0;942.0;8.0;76.0;87.0;50.0;928.0;750;1029.0
12;AC;2008;27.0;40.0;71;5;76.0;0.0;18.0;69.0;120.0;5.0;5.0;13.0;23.0;74.0;40;133.0
27;AL;2008;1018.0;426.0;1101;41;1142.0;55.0;55.0;1465.0;1804.0;3.0;71.0;83.0;58.0;1536.0;1596;1887.0
13;AM;2008;287.0;1837.0;455;26;481.0;20.0;40.0;711.0;767.0;7.0;56.0;63.0;47.0;767.0;446;830.0
16;AP;2008;46.0;27.0;137;4;141.0;3.0;6.0;183.0;196.0;0.0;13.0;13.0;6.0;196.0;65;210.0
29;BA;2008;2547.0;61.0;2833;161;2994.0;193.0;311.0;3876.0;4485.0;34.0;260.0;315.0;345.0;4137.0;3828;4819.0
23;CE;2008;803.0;88.0;1089;42;1131.0;48.0;176.0;1303.0;1902.0;18.0;74.0;117.0;194.0;1377.0;1332;2019.0
53;DF;2008;390.0;673.0;457;35;492.0;38.0;98.0;644.0;748.0;7.0;57.0;64.0;105.0;701.0;579;812.0
32;ES;2008;937.0;151.0;1024;89;1113.0;124.0;234.0;1123.0;1756.0;30.0;129.0;190.0;264.0;1252.0;1495;1947.0
52;GO;2008;739.0;1284.0;914;57;971.0;82.0;364.0;1204.0;1629.0;49.0;104.0;160.0;413.0;1309.0;1201;1792.0
15;PA;2008;1160.0;357.0;1553;82;1635.0;89.0;186.0;2445.0;2687.0;27.0;139.0;169.0;213.0;2585.0;1929;2860.0
21;MA;2008;408.0;500.0;677;37;714.0;25.0;144.0;1030.0;1196.0;12.0;67.0;81.0;156.0;1097.0;698;1277.0
31;MG;2008;1764.0;1541.0;2014;190;2204.0;174.0;938.0;2407.0;3511.0;133.0;221.0;377.0;1071.0;2628.0;2755;3889.0
50;MS;2008;229.0;3277.0;318;27;345.0;22.0;274.0;339.0;639.0;38.0;22.0;60.0;312.0;361.0;392;699.0
21;MA;2009;458.0;590.0;737;38;775.0;32.0;142.0;1143.0;1311.0;19.0;67.0;87.0;161.0;1210.0;785;1398.0
25;PB;2009;608.0;4136.0;660;50;710.0;67.0;41.0;1069.0;1164.0;10.0;84.0;98.0;51.0;1153.0;1019;1263.0
26;PE;2009;1939.0;1418.0;2136;145;2281.0;186.0;328.0;3208.0;3656.0;42.0;252.0;304.0;370.0;3460.0;3117;3963.0
22;PI;2009;117.0;3805.0;193;12;205.0;14.0;49.0;296.0;354.0;7.0;22.0;31.0;56.0;318.0;184;385.0
41;PR;2009;1672.0;2406.0;1920;158;2078.0;199.0;2698.0;619.0;3361.0;274.0;57.0;331.0;2972.0;677.0;2673;3698.0
33;RJ;2009;2205.0;3606.0;2704;137;2841.0;199.0;1538.0;3237.0;5000.0;145.0;190.0;350.0;1684.0;3430.0;4009;5365.0
24;RN;2009;379.0;2470.0;434;21;455.0;30.0;115.0;574.0;743.0;17.0;38.0;57.0;132.0;612.0;620;800.0
11;RO;2009;172.0;325.0;208;23;231.0;28.0;127.0;338.0;486.0;15.0;35.0;51.0;142.0;373.0;353;538.0
14;RR;2009;13.0;1519.0;43;9;52.0;4.0;26.0;66.0;94.0;11.0;12.0;24.0;37.0;78.0;27;118.0
43;RS;2009;858.0;471.0;980;101;1081.0;126.0;1589.0;409.0;2017.0;186.0;36.0;225.0;1775.0;445.0;1645;2242.0
42;SC;2009;312.0;401.0;391;38;429.0;39.0;605.0;107.0;726.0;82.0;8.0;93.0;687.0;115.0;511;820.0
28;SE;2009;244.0;1183.0;311;13;324.0;16.0;65.0;454.0;617.0;9.0;21.0;36.0;74.0;475.0;451;653.0
35;SP;2009;1974.0;528.0;2692;248;2940.0;235.0;3382.0;2385.0;5882.0;413.0;230.0;660.0;3799.0;2618.0;3851;6557.0
17;TO;2009;64.0;623.0;120;15;135.0;12.0;47.0;208.0;258.0;8.0;23.0;31.0;55.0;231.0;128;289.0
15;PA;2009;1242.0;435.0;1635;82;1717.0;84.0;189.0;2558.0;2802.0;23.0;152.0;180.0;213.0;2711.0;2038;2989.0
51;MT;2009;309.0;951.0;425;44;469.0;44.0;209.0;682.0;905.0;38.0;55.0;94.0;247.0;738.0;573;1000.0
50;MS;2009;244.0;2931.0;328;26;354.0;28.0;276.0;374.0;660.0;40.0;25.0;65.0;316.0;399.0;429;725.0
31;MG;2009;1646.0;1479.0;1894;168;2062.0;197.0;923.0;2261.0;3340.0;132.0;246.0;402.0;1055.0;2507.0;2603;3742.0
52;GO;2009;740.0;1441.0;915;62;977.0;76.0;365.0;1327.0;1733.0;45.0;117.0;165.0;410.0;1446.0;1260;1902.0
32;ES;2009;974.0;170.0;1057;107;1164.0;130.0;219.0;1215.0;1769.0;32.0;152.0;216.0;251.0;1367.0;1548;1985.0
53;DF;2009;450.0;753.0;487;36;523.0;43.0;105.0;692.0;806.0;14.0;61.0;76.0;119.0;753.0;666;882.0
23;CE;2009;917.0;116.0;1130;64;1196.0;68.0;166.0;1280.0;2025.0;25.0;80.0;138.0;191.0;1360.0;1511;2165.0
29;BA;2009;2971.0;66.0;3276;151;3427.0;220.0;301.0;4455.0;5078.0;32.0;284.0;345.0;333.0;4741.0;4361;5432.0
16;AP;2009;43.0;23.0;104;4;108.0;3.0;9.0;158.0;178.0;2.0;10.0;12.0;11.0;168.0;69;190.0
13;AM;2009;359.0;1953.0;519;21;540.0;28.0;37.0;786.0;849.0;7.0;60.0;67.0;44.0;846.0;572;916.0
27;AL;2009;969.0;544.0;1060;55;1115.0;81.0;46.0;1499.0;1762.0;2.0;96.0;111.0;48.0;1595.0;1560;1873.0
12;AC;2009;33.0;59.0;72;6;78.0;2.0;10.0;97.0;137.0;6.0;6.0;16.0;16.0;103.0;61;153.0
13;AM;2010;405.0;2373.0;602;32;634.0;28.0;71.0;920.0;1017.0;5.0;60.0;65.0;76.0;980.0;635;1082.0
51;MT;2010;310.0;1129.0;434;28;462.0;27.0;217.0;667.0;890.0;26.0;54.0;80.0;243.0;722.0;566;972.0
50;MS;2010;186.0;2497.0;267;25;292.0;21.0;238.0;336.0;579.0;33.0;38.0;76.0;271.0;374.0;344;656.0
31;MG;2010;1523.0;1633.0;1772;184;1956.0;197.0;797.0;2256.0;3236.0;141.0;259.0;409.0;938.0;2515.0;2456;3646.0
21;MA;2010;480.0;578.0;785;52;837.0;42.0;133.0;1242.0;1402.0;18.0;99.0;117.0;151.0;1341.0;827;1519.0
52;GO;2010;803.0;1954.0;1003;85;1088.0;80.0;349.0;1403.0;1795.0;48.0;128.0;182.0;397.0;1533.0;1317;1979.0
32;ES;2010;875.0;191.0;957;79;1036.0;94.0;231.0;1171.0;1618.0;34.0;128.0;174.0;265.0;1299.0;1359;1792.0
53;DF;2010;379.0;785.0;420;32;452.0;42.0;85.0;630.0;720.0;15.0;50.0;66.0;100.0;680.0;576;786.0
23;CE;2010;1219.0;122.0;1432;62;1494.0;103.0;272.0;1600.0;2515.0;27.0;111.0;173.0;299.0;1711.0;2057;2688.0
29;BA;2010;2938.0;98.0;3357;214;3571.0;235.0;332.0;4781.0;5398.0;42.0;361.0;438.0;374.0;5145.0;4439;5844.0
16;AP;2010;72.0;27.0;164;4;168.0;5.0;26.0;191.0;244.0;2.0;14.0;16.0;28.0;205.0;103;260.0
27;AL;2010;1118.0;607.0;1223;64;1287.0;88.0;42.0;1592.0;1950.0;6.0;104.0;137.0;48.0;1696.0;1721;2087.0
12;AC;2010;34.0;56.0;67;7;74.0;7.0;25.0;83.0;146.0;3.0;13.0;19.0;28.0;96.0;63;165.0
17;TO;2010;68.0;534.0;160;18;178.0;9.0;38.0;250.0;293.0;3.0;30.0;34.0;41.0;280.0;131;327.0
35;SP;2010;1793.0;538.0;2389;281;2671.0;232.0;2911.0;2219.0;5355.0;424.0;223.0;678.0;3336.0;2442.0;3469;6039.0
28;SE;2010;264.0;1237.0;332;19;351.0;18.0;52.0;533.0;633.0;6.0;36.0;43.0;58.0;569.0;452;676.0
42;SC;2010;255.0;322.0;338;42;380.0;42.0;578.0;114.0;712.0;94.0;15.0;110.0;673.0;129.0;483;823.0
43;RS;2010;787.0;441.0;891;92;983.0;119.0;1438.0;398.0;1856.0;185.0;38.0;227.0;1623.0;436.0;1496;2085.0
14;RR;2010;12.0;1376.0;45;7;52.0;2.0;11.0;93.0;110.0;2.0;9.0;11.0;13.0;102.0;29;121.0
11;RO;2010;162.0;333.0;216;10;226.0;17.0;131.0;364.0;508.0;11.0;23.0;37.0;142.0;388.0;351;546.0
24;RN;2010;349.0;2441.0;408;31;439.0;33.0;98.0;582.0;739.0;13.0;51.0;71.0;111.0;633.0;611;810.0
33;RJ;2010;2261.0;3233.0;2888;132;3020.0;191.0;1610.0;3484.0;5310.0;128.0;196.0;339.0;1738.0;3684.0;4111;5667.0
41;PR;2010;1621.0;2259.0;1805;165;1970.0;189.0;2588.0;619.0;3248.0;283.0;51.0;338.0;2871.0;670.0;2630;3586.0
22;PI;2010;115.0;3912.0;184;11;195.0;16.0;45.0;299.0;371.0;10.0;28.0;40.0;55.0;327.0;207;411.0
26;PE;2010;1612.0;1265.0;1858;119;1977.0;152.0;228.0;2803.0;3226.0;29.0;197.0;247.0;257.0;3000.0;2649;3473.0
25;PB;2010;733.0;4201.0;782;52;834.0;79.0;48.0;1227.0;1336.0;8.0;98.0;119.0;56.0;1325.0;1208;1455.0
15;PA;2010;1469.0;434.0;1819;115;1935.0;126.0;236.0;2998.0;3286.0;30.0;197.0;231.0;266.0;3198.0;2502;3521.0
17;TO;2011;78.0;613.0;137;23;160.0;13.0;51.0;252.0;311.0;11.0;36.0;49.0;62.0;288.0;158;361.0
52;GO;2011;941.0;1944.0;1098;103;1201.0;129.0;392.0;1537.0;2005.0;67.0;182.0;262.0;459.0;1721.0;1579;2272.0
32;ES;2011;887.0;241.0;918;87;1005.0;105.0;201.0;1105.0;1505.0;40.0;104.0;167.0;241.0;1209.0;1352;1672.0
53;DF;2011;405.0;893.0;455;38;493.0;44.0;94.0;723.0;823.0;16.0;61.0;79.0;110.0;784.0;657;902.0
23;CE;2011;1257.0;145.0;1485;83;1568.0;119.0;251.0;1541.0;2603.0;24.0;106.0;189.0;275.0;1647.0;2063;2792.0
29;BA;2011;2636.0;71.0;3017;204;3221.0;250.0;374.0;4402.0;5089.0;40.0;375.0;449.0;415.0;4780.0;4170;5549.0
16;AP;2011;53.0;25.0;112;10;122.0;9.0;24.0;163.0;190.0;3.0;16.0;19.0;27.0;179.0;80;209.0
13;AM;2011;590.0;1968.0;762;29;791.0;32.0;131.0;1065.0;1210.0;15.0;66.0;81.0;146.0;1131.0;879;1292.0
27;AL;2011;1178.0;847.0;1260;61;1321.0;94.0;67.0;1899.0;2106.0;7.0;114.0;138.0;74.0;2013.0;1913;2244.0
12;AC;2011;26.0;45.0;64;9;73.0;5.0;12.0;88.0;146.0;4.0;11.0;18.0;16.0;99.0;50;164.0
21;MA;2011;515.0;744.0;765;55;820.0;51.0;184.0;1255.0;1460.0;20.0;109.0;131.0;204.0;1364.0;944;1591.0
35;SP;2011;1643.0;568.0;2304;201;2505.0;192.0;2808.0;2293.0;5257.0;380.0;179.0;580.0;3189.0;2473.0;3262;5842.0
28;SE;2011;292.0;1446.0;343;28;371.0;30.0;49.0;621.0;671.0;9.0;50.0;60.0;58.0;671.0;523;731.0
42;SC;2011;273.0;333.0;355;34;389.0;33.0;607.0;123.0;737.0;68.0;5.0;74.0;675.0;128.0;483;811.0
43;RS;2011;829.0;450.0;926;92;1018.0;114.0;1424.0;427.0;1869.0;180.0;21.0;202.0;1605.0;448.0;1531;2077.0
14;RR;2011;10.0;1413.0;35;4;39.0;0.0;14.0;65.0;84.0;1.0;9.0;10.0;15.0;74.0;25;95.0
11;RO;2011;130.0;263.0;168;19;187.0;22.0;102.0;290.0;401.0;14.0;31.0;48.0;116.0;321.0;286;450.0
24;RN;2011;481.0;2222.0;559;37;596.0;44.0;140.0;757.0;978.0;11.0;56.0;76.0;151.0;813.0;788;1054.0
25;PB;2011;820.0;3913.0;847;68;915.0;108.0;65.0;1324.0;1474.0;18.0;117.0;140.0;83.0;1441.0;1379;1614.0
26;PE;2011;1538.0;1247.0;1810;116;1928.0;143.0;200.0;2790.0;3202.0;21.0;223.0;261.0;222.0;3013.0;2541;3471.0
22;PI;2011;147.0;3228.0;212;11;223.0;10.0;51.0;327.0;408.0;4.0;28.0;32.0;55.0;355.0;251;440.0
41;PR;2011;1410.0;2779.0;1668;118;1786.0;139.0;2440.0;599.0;3086.0;220.0;55.0;283.0;2660.0;654.0;2365;3376.0
33;RJ;2011;1818.0;3068.0;2264;145;2409.0;177.0;1319.0;2933.0;4403.0;127.0;223.0;366.0;1448.0;3161.0;3411;4781.0
15;PA;2011;1292.0;493.0;1679;79;1758.0;106.0;217.0;2629.0;2881.0;27.0;154.0;186.0;245.0;2787.0;2077;3073.0
51;MT;2011;320.0;1271.0;439;35;474.0;34.0;227.0;679.0;920.0;27.0;60.0;87.0;254.0;740.0;602;1009.0
50;MS;2011;194.0;2393.0;274;33;307.0;35.0;214.0;376.0;595.0;38.0;40.0;78.0;252.0;416.0;368;673.0
31;MG;2011;1831.0;1819.0;2058;192;2250.0;220.0;1061.0;2622.0;3804.0;165.0;283.0;457.0;1226.0;2906.0;3000;4262.0
25;PB;2012;767.0;4329.0;842;59;901.0;89.0;81.0;1176.0;1388.0;8.0;119.0;137.0;89.0;1295.0;1224;1525.0
33;RJ;2012;1900.0;3639.0;2268;129;2397.0;184.0;1241.0;2999.0;4386.0;125.0;223.0;365.0;1367.0;3228.0;3472;4772.0
24;RN;2012;542.0;2262.0;625;24;649.0;32.0;175.0;819.0;1060.0;16.0;42.0;64.0;191.0;861.0;856;1124.0
11;RO;2012;164.0;312.0;207;23;230.0;26.0;124.0;338.0;475.0;13.0;36.0;51.0;137.0;374.0;338;526.0
14;RR;2012;17.0;1602.0;65;5;70.0;3.0;31.0;93.0;126.0;10.0;7.0;17.0;42.0;100.0;32;144.0
43;RS;2012;918.0;454.0;1041;108;1149.0;135.0;1617.0;475.0;2135.0;202.0;39.0;247.0;1819.0;514.0;1737;2382.0
42;SC;2012;284.0;324.0;368;39;407.0;37.0;553.0;156.0;717.0;85.0;18.0;104.0;638.0;174.0;491;821.0
28;SE;2012;385.0;1820.0;451;23;474.0;30.0;65.0;748.0;817.0;9.0;52.0;62.0;74.0;800.0;648;879.0
35;SP;2012;1957.0;604.0;2657;218;2875.0;205.0;3150.0;2627.0;5920.0;370.0;257.0;640.0;3520.0;2885.0;3848;6566.0
17;TO;2012;97.0;682.0;165;17;182.0;18.0;50.0;266.0;330.0;9.0;40.0;49.0;59.0;306.0;178;379.0
27;AL;2012;1099.0;803.0;1166;65;1231.0;100.0;73.0;1789.0;1913.0;12.0;116.0;133.0;85.0;1905.0;1737;2046.0
12;AC;2012;45.0;81.0;95;6;101.0;4.0;17.0;157.0;192.0;1.0;14.0;16.0;18.0;171.0;85;208.0
15;PA;2012;1310.0;618.0;1684;114;1799.0;119.0;221.0;2738.0;2993.0;27.0;202.0;232.0;248.0;2942.0;2138;3236.0
51;MT;2012;375.0;1135.0;498;46;544.0;37.0;218.0;732.0;972.0;35.0;62.0;100.0;253.0;794.0;641;1074.0
50;MS;2012;175.0;2358.0;267;24;291.0;13.0;196.0;402.0;606.0;32.0;45.0;77.0;228.0;447.0;337;683.0
31;MG;2012;2031.0;1637.0;2296;216;2512.0;216.0;1102.0;2896.0;4100.0;148.0;303.0;460.0;1250.0;3200.0;3228;4562.0
21;MA;2012;653.0;824.0;910;42;952.0;41.0;172.0;1459.0;1662.0;16.0;96.0;114.0;188.0;1555.0;1152;1777.0
52;GO;2012;1195.0;2992.0;1394;124;1518.0;133.0;511.0;1963.0;2540.0;67.0;171.0;247.0;578.0;2134.0;1955;2793.0
32;ES;2012;866.0;293.0;887;82;969.0;106.0;175.0;1205.0;1504.0;17.0;137.0;163.0;192.0;1342.0;1335;1667.0
53;DF;2012;432.0;1111.0;480;37;517.0;42.0;83.0;785.0;875.0;11.0;63.0;77.0;94.0;849.0;725;954.0
23;CE;2012;2031.0;160.0;2235;94;2329.0;142.0;223.0;1811.0;3621.0;26.0;110.0;219.0;249.0;1921.0;3135;3841.0
29;BA;2012;2930.0;111.0;3460;202;3662.0;262.0;395.0;4989.0;5702.0;42.0;368.0;437.0;437.0;5358.0;4594;6148.0
13;AM;2012;508.0;2013.0;684;48;732.0;52.0;121.0;1094.0;1225.0;28.0;89.0;118.0;150.0;1183.0;855;1344.0
16;AP;2012;81.0;29.0;156;8;164.0;6.0;19.0;200.0;236.0;2.0;15.0;17.0;21.0;215.0;117;253.0
41;PR;2012;1476.0;3012.0;1732;138;1870.0;166.0;2408.0;690.0;3162.0;248.0;68.0;321.0;2657.0;758.0;2433;3489.0
22;PI;2012;181.0;3281.0;249;20;269.0;18.0;45.0;413.0;479.0;5.0;40.0;46.0;50.0;453.0;311;525.0
26;PE;2012;1448.0;1229.0;1719;95;1815.0;116.0;161.0;2805.0;3106.0;21.0;185.0;216.0;182.0;2991.0;2475;3327.0
17;TO;2013;65.0;554.0;126;23;149.0;12.0;60.0;235.0;307.0;7.0;31.0;40.0;67.0;267.0;146;349.0
35;SP;2013;1694.0;711.0;2338;214;2552.0;174.0;2823.0;2459.0;5403.0;401.0;215.0;620.0;3225.0;2676.0;3440;6035.0
28;SE;2013;430.0;1994.0;494;26;520.0;30.0;76.0;829.0;908.0;8.0;48.0;56.0;84.0;877.0;732;965.0
42;SC;2013;233.0;294.0;326;43;369.0;36.0;577.0;101.0;686.0;82.0;16.0;102.0;659.0;117.0;442;789.0
43;RS;2013;903.0;405.0;995;83;1078.0;112.0;1614.0;454.0;2108.0;173.0;33.0;210.0;1787.0;487.0;1714;2322.0
14;RR;2013;31.0;1602.0;69;9;78.0;5.0;50.0;123.0;178.0;21.0;14.0;36.0;71.0;137.0;70;214.0
11;RO;2013;147.0;282.0;192;20;212.0;18.0;131.0;288.0;431.0;20.0;28.0;52.0;151.0;316.0;300;483.0
24;RN;2013;743.0;1901.0;842;41;883.0;54.0;178.0;1064.0;1357.0;20.0;59.0;89.0;198.0;1124.0;1149;1447.0
33;RJ;2013;2014.0;3260.0;2554;139;2693.0;185.0;1302.0;3247.0;4687.0;137.0;236.0;387.0;1443.0;3492.0;3555;5111.0
41;PR;2013;1193.0;3262.0;1407;131;1538.0;124.0;2089.0;540.0;2653.0;223.0;59.0;283.0;2312.0;599.0;2025;2936.0
22;PI;2013;234.0;3365.0;309;20;329.0;22.0;58.0;451.0;549.0;10.0;36.0;47.0;68.0;489.0;365;598.0
26;PE;2013;1357.0;1176.0;1589;120;1709.0;139.0;196.0;2572.0;2867.0;27.0;224.0;256.0;223.0;2796.0;2299;3124.0
25;PB;2013;770.0;4039.0;829;64;893.0;84.0;86.0;1187.0;1424.0;12.0;104.0;126.0;98.0;1292.0;1258;1551.0
15;PA;2013;1253.0;701.0;1691;93;1785.0;121.0;240.0;2830.0;3157.0;35.0;190.0;231.0;276.0;3025.0;2229;3405.0
51;MT;2013;404.0;1174.0;515;26;541.0;34.0;243.0;798.0;1064.0;28.0;62.0;91.0;271.0;860.0;745;1158.0
50;MS;2013;148.0;2159.0;243;22;265.0;24.0;192.0;360.0;555.0;34.0;40.0;75.0;226.0;400.0;318;630.0
31;MG;2013;2180.0;1756.0;2411;183;2595.0;205.0;1118.0;3076.0;4286.0;145.0;274.0;427.0;1264.0;3350.0;3468;4717.0
21;MA;2013;790.0;1094.0;1114;57;1171.0;58.0;184.0;1788.0;2031.0;23.0;107.0;131.0;208.0;1895.0;1397;2163.0
52;GO;2013;1293.0;3455.0;1484;114;1598.0;141.0;557.0;2076.0;2698.0;66.0;191.0;271.0;624.0;2268.0;2138;2975.0
32;ES;2013;869.0;342.0;905;80;985.0;114.0;201.0;1182.0;1451.0;36.0;129.0;171.0;237.0;1311.0;1290;1622.0
53;DF;2013;382.0;1338.0;430;35;465.0;39.0;69.0;681.0;759.0;12.0;66.0;78.0;81.0;747.0;593;837.0
23;CE;2013;2377.0;133.0;2558;147;2705.0;200.0;232.0;2088.0;4195.0;34.0;125.0;278.0;266.0;2213.0;3655;4473.0
29;BA;2013;2727.0;98.0;3142;196;3338.0;241.0;330.0;4709.0;5260.0;42.0;362.0;423.0;372.0;5072.0;4287;5694.0
16;AP;2013;69.0;65.0;139;8;147.0;6.0;25.0;162.0;206.0;2.0;15.0;19.0;27.0;177.0;104;225.0
13;AM;2013;443.0;2099.0;628;31;659.0;33.0;122.0;955.0;1095.0;22.0;71.0;96.0;144.0;1026.0;695;1191.0
27;AL;2013;1177.0;662.0;1250;62;1313.0;103.0;94.0;1845.0;2005.0;18.0;117.0;142.0;113.0;1962.0;1860;2148.0
12;AC;2013;58.0;86.0;107;12;119.0;9.0;20.0;165.0;202.0;3.0;29.0;32.0;23.0;194.0;95;234.0
17;TO;2014;101.0;601.0;173;14;188.0;13.0;64.0;267.0;342.0;6.0;29.0;35.0;71.0;296.0;176;381.0
35;SP;2014;1857.0;809.0;2542;209;2751.0;199.0;2833.0;2612.0;5561.0;371.0;227.0;612.0;3205.0;2840.0;3541;6185.0
42;SC;2014;254.0;337.0;361;41;402.0;39.0;640.0;138.0;794.0;88.0;21.0;111.0;728.0;159.0;499;905.0
43;RS;2014;1083.0;460.0;1247;76;1323.0;129.0;1860.0;577.0;2474.0;196.0;51.0;250.0;2056.0;628.0;2055;2724.0
14;RR;2014;22.0;1926.0;51;5;56.0;4.0;46.0;83.0;133.0;14.0;10.0;24.0;61.0;93.0;47;158.0
11;RO;2014;176.0;373.0;209;20;229.0;28.0;127.0;386.0;521.0;15.0;38.0;56.0;142.0;424.0;402;578.0
24;RN;2014;883.0;1932.0;954;48;1002.0;68.0;194.0;1233.0;1500.0;21.0;71.0;102.0;215.0;1304.0;1314;1602.0
33;RJ;2014;2045.0;3335.0;2869;157;3027.0;215.0;1364.0;3666.0;5196.0;164.0;283.0;464.0;1529.0;3954.0;3642;5718.0
41;PR;2014;1184.0;3204.0;1356;117;1473.0;138.0;2126.0;541.0;2694.0;218.0;63.0;284.0;2344.0;604.0;2071;2980.0
22;PI;2014;284.0;3415.0;369;23;392.0;25.0;40.0;538.0;654.0;4.0;51.0;63.0;44.0;589.0;455;717.0
26;PE;2014;1557.0;1203.0;1768;113;1881.0;138.0;344.0;2704.0;3113.0;33.0;203.0;239.0;377.0;2907.0;2543;3358.0
25;PB;2014;759.0;4451.0;812;57;869.0;81.0;72.0;1244.0;1433.0;13.0;98.0;117.0;85.0;1342.0;1253;1551.0
15;PA;2014;1331.0;848.0;1705;116;1821.0;132.0;194.0;2912.0;3189.0;21.0;221.0;249.0;216.0;3135.0;2305;3446.0
28;SE;2014;552.0;1899.0;596;27;623.0;50.0;79.0;938.0;1023.0;9.0;65.0;74.0;88.0;1003.0;898;1097.0
12;AC;2014;59.0;109.0;101;10;111.0;6.0;35.0;171.0;212.0;4.0;16.0;20.0;39.0;187.0;115;232.0
27;AL;2014;1117.0;729.0;1176;67;1243.0;85.0;71.0;1829.0;1960.0;4.0;118.0;125.0;75.0;1947.0;1806;2085.0
13;AM;2014;451.0;2170.0;644;34;678.0;33.0;92.0;1038.0;1159.0;13.0;64.0;80.0;105.0;1102.0;762;1240.0
16;AP;2014;99.0;43.0;149;13;162.0;8.0;14.0;213.0;236.0;1.0;19.0;20.0;15.0;232.0;152;256.0
29;BA;2014;2965.0;144.0;3405;148;3553.0;216.0;367.0;5095.0;5659.0;50.0;323.0;385.0;417.0;5419.0;4671;6052.0
23;CE;2014;2484.0;162.0;2696;135;2831.0;200.0;251.0;2362.0;4341.0;25.0;145.0;285.0;276.0;2507.0;3795;4626.0
53;DF;2014;388.0;1613.0;427;26;453.0;30.0;105.0;664.0;783.0;13.0;46.0;60.0;118.0;710.0;631;843.0
32;ES;2014;842.0;430.0;889;69;958.0;89.0;218.0;1206.0;1469.0;25.0;110.0;140.0;243.0;1316.0;1292;1609.0
52;GO;2014;1299.0;3595.0;1439;129;1568.0;153.0;574.0;1986.0;2591.0;77.0;212.0;290.0;651.0;2198.0;2054;2887.0
21;MA;2014;962.0;1246.0;1248;62;1311.0;75.0;215.0;2048.0;2307.0;21.0;129.0;152.0;236.0;2179.0;1688;2462.0
31;MG;2014;2126.0;1721.0;2405;168;2573.0;171.0;1075.0;3153.0;4319.0;141.0;259.0;403.0;1216.0;3412.0;3377;4724.0
50;MS;2014;206.0;2403.0;283;39;322.0;20.0;218.0;388.0;615.0;40.0;44.0;85.0;258.0;432.0;357;700.0
51;MT;2014;463.0;1171.0;587;49;636.0;45.0;278.0;946.0;1247.0;33.0;76.0;111.0;311.0;1022.0;854;1358.0
50;MS;2015;171.0;2930.0;241;23;264.0;19.0;205.0;367.0;576.0;20.0;38.0;58.0;225.0;405.0;316;634.0
17;TO;2015;152.0;465.0;227;16;243.0;13.0;92.0;342.0;454.0;8.0;39.0;48.0;100.0;381.0;276;503.0
35;SP;2015;1556.0;718.0;2164;169;2333.0;175.0;2414.0;2336.0;4860.0;349.0;201.0;559.0;2765.0;2537.0;3097;5427.0
28;SE;2015;637.0;2024.0;693;23;716.0;53.0;72.0;1157.0;1233.0;5.0;64.0;70.0;77.0;1221.0;1108;1303.0
42;SC;2015;308.0;297.0;407;35;442.0;34.0;662.0;185.0;860.0;79.0;18.0;97.0;741.0;203.0;570;957.0
43;RS;2015;1189.0;536.0;1291;100;1391.0;158.0;2024.0;601.0;2660.0;223.0;55.0;284.0;2247.0;656.0;2282;2944.0
14;RR;2015;30.0;2124.0;69;8;77.0;7.0;36.0;138.0;174.0;17.0;10.0;29.0;53.0;148.0;57;203.0
11;RO;2015;178.0;348.0;234;27;261.0;35.0;129.0;397.0;537.0;13.0;49.0;63.0;142.0;446.0;383;600.0
24;RN;2015;804.0;1877.0;899;40;939.0;57.0;147.0;1207.0;1453.0;9.0;76.0;92.0;156.0;1283.0;1238;1545.0
33;RJ;2015;1835.0;2919.0;2627;134;2761.0;196.0;1238.0;3283.0;4651.0;150.0;233.0;387.0;1390.0;3517.0;3182;5067.0
41;PR;2015;1149.0;3010.0;1383;88;1471.0;94.0;2048.0;611.0;2691.0;193.0;49.0;244.0;2241.0;660.0;1972;2936.0
22;PI;2015;232.0;2978.0;300;28;328.0;33.0;52.0;487.0;582.0;8.0;56.0;67.0;60.0;544.0;400;650.0
26;PE;2015;1823.0;1014.0;2036;103;2143.0;128.0;370.0;3173.0;3606.0;32.0;198.0;233.0;402.0;3373.0;3065;3847.0
25;PB;2015;737.0;4330.0;771;57;828.0;73.0;76.0;1222.0;1406.0;14.0;84.0;111.0;90.0;1306.0;1264;1522.0
15;PA;2015;1462.0;1055.0;1827;109;1936.0;144.0;202.0;3138.0;3401.0;20.0;236.0;261.0;222.0;3375.0;2539;3675.0
51;MT;2015;392.0;1190.0;481;48;529.0;50.0;221.0;843.0;1082.0;30.0;88.0;118.0;251.0;931.0;769;1203.0
31;MG;2015;1972.0;1415.0;2213;165;2378.0;204.0;1009.0;3033.0;4114.0;139.0;267.0;415.0;1149.0;3300.0;3214;4532.0
21;MA;2015;968.0;1181.0;1200;56;1257.0;67.0;240.0;2003.0;2286.0;27.0;115.0;148.0;267.0;2118.0;1718;2438.0
52;GO;2015;1328.0;3227.0;1516;102;1618.0;134.0;601.0;2087.0;2734.0;76.0;176.0;255.0;677.0;2263.0;2161;2997.0
32;ES;2015;709.0;367.0;775;55;830.0;78.0;163.0;1061.0;1308.0;24.0;107.0;141.0;187.0;1168.0;1093;1450.0
53;DF;2015;310.0;1649.0;360;22;382.0;24.0;120.0;551.0;682.0;13.0;45.0;58.0;133.0;598.0;489;742.0
23;CE;2015;2166.0;263.0;2350;100;2450.0;166.0;210.0;2118.0;3909.0;21.0;154.0;254.0;231.0;2272.0;3393;4163.0
29;BA;2015;2866.0;147.0;3408;151;3559.0;219.0;333.0;5112.0;5619.0;42.0;331.0;382.0;375.0;5446.0;4555;6012.0
16;AP;2015;96.0;50.0;159;6;165.0;7.0;12.0;251.0;275.0;3.0;13.0;18.0;15.0;264.0;154;293.0
13;AM;2015;549.0;2389.0;755;54;809.0;44.0;100.0;1242.0;1357.0;18.0;96.0;115.0;118.0;1338.0;930;1472.0
27;AL;2015;928.0;886.0;1009;40;1049.0;61.0;54.0;1566.0;1653.0;1.0;90.0;95.0;55.0;1656.0;1476;1748.0
12;AC;2015;65.0;111.0;94;11;105.0;5.0;25.0;169.0;198.0;5.0;14.0;19.0;30.0;183.0;116;217.0
31;MG;2016;2047.0;1473.0;2365;148;2513.0;169.0;1054.0;3099.0;4246.0;122.0;247.0;375.0;1177.0;3346.0;3321;4622.0
17;TO;2016;182.0;485.0;263;18;281.0;14.0;87.0;426.0;532.0;10.0;30.0;45.0;97.0;456.0;312;577.0
50;MS;2016;159.0;3328.0;248;26;274.0;25.0;211.0;369.0;591.0;34.0;46.0;80.0;245.0;415.0;326;671.0
51;MT;2016;386.0;998.0;480;36;516.0;38.0;218.0;845.0;1074.0;26.0;77.0;104.0;244.0;922.0;752;1180.0
15;PA;2016;1776.0;1220.0;2137;129;2266.0;178.0;243.0;3597.0;3921.0;14.0;274.0;294.0;257.0;3871.0;3048;4223.0
25;PB;2016;597.0;5188.0;654;45;699.0;62.0;68.0;1099.0;1248.0;15.0;88.0;107.0;83.0;1187.0;1060;1355.0
26;PE;2016;2105.0;911.0;2381;131;2512.0;146.0;490.0;3618.0;4160.0;39.0;238.0;282.0;529.0;3858.0;3475;4447.0
22;PI;2016;265.0;3801.0;350;17;367.0;22.0;45.0;563.0;650.0;3.0;43.0;50.0;48.0;606.0;440;701.0
41;PR;2016;1224.0;3151.0;1494;80;1574.0;105.0;2180.0;619.0;2841.0;190.0;44.0;238.0;2370.0;663.0;2125;3080.0
33;RJ;2016;2343.0;2562.0;3252;134;3386.0;202.0;1383.0;4076.0;5569.0;142.0;276.0;428.0;1530.0;4363.0;4019;6053.0
24;RN;2016;997.0;2020.0;1079;50;1129.0;76.0;185.0;1479.0;1754.0;19.0;74.0;100.0;204.0;1553.0;1569;1854.0
11;RO;2016;185.0;438.0;246;15;261.0;27.0;158.0;483.0;649.0;18.0;34.0;54.0;176.0;517.0;465;703.0
14;RR;2016;38.0;2314.0;83;9;92.0;7.0;33.0;145.0;179.0;14.0;10.0;25.0;47.0;155.0;72;204.0
43;RS;2016;1352.0;561.0;1487;121;1608.0;190.0;2163.0;707.0;2913.0;250.0;50.0;308.0;2413.0;757.0;2507;3225.0
42;SC;2016;344.0;301.0;437;38;475.0;50.0;654.0;213.0;877.0;80.0;27.0;107.0;734.0;240.0;611;984.0
28;SE;2016;789.0;2012.0;847;22;869.0;39.0;73.0;1330.0;1404.0;5.0;54.0;60.0;78.0;1384.0;1259;1465.0
35;SP;2016;1334.0;713.0;1860;157;2017.0;156.0;2284.0;2017.0;4358.0;302.0;200.0;507.0;2586.0;2219.0;2720;4870.0
23;CE;2016;1794.0;298.0;1999;103;2102.0;139.0;195.0;2363.0;3424.0;14.0;149.0;218.0;209.0;2512.0;2908;3642.0
53;DF;2016;336.0;1540.0;379;30;409.0;31.0;121.0;569.0;696.0;11.0;53.0;64.0;132.0;622.0;516;760.0
32;ES;2016;622.0;417.0;670;37;707.0;57.0;126.0;943.0;1166.0;18.0;81.0;104.0;144.0;1024.0;968;1270.0
29;BA;2016;3509.0;215.0;4165;193;4358.0;261.0;392.0;6132.0;6728.0;50.0;379.0;441.0;442.0;6512.0;5449;7171.0
52;GO;2016;1346.0;2769.0;1575;99;1675.0;128.0;582.0;2168.0;2789.0;54.0;180.0;238.0;638.0;2349.0;2143;3036.0
21;MA;2016;873.0;1493.0;1157;55;1212.0;84.0;247.0;1963.0;2247.0;24.0;133.0;159.0;271.0;2097.0;1625;2408.0
12;AC;2016;127.0;215.0;181;13;194.0;11.0;39.0;288.0;340.0;4.0;19.0;23.0;43.0;307.0;226;363.0
27;AL;2016;959.0;748.0;1038;41;1079.0;72.0;28.0;1665.0;1718.0;6.0;91.0;101.0;34.0;1757.0;1546;1820.0
13;AM;2016;480.0;2866.0;729;53;782.0;43.0;84.0;1231.0;1335.0;22.0;93.0;116.0;106.0;1324.0;791;1452.0
16;AP;2016;153.0;65.0;228;5;233.0;7.0;11.0;347.0;364.0;2.0;15.0;17.0;13.0;362.0;222;381.0
53;DF;2017;256.0;1425.0;308;17;325.0;25.0;109.0;452.0;564.0;12.0;34.0;46.0;121.0;486.0;401;610.0
16;AP;2017;112.0;89.0;224;12;236.0;9.0;22.0;328.0;356.0;2.0;23.0;27.0;24.0;351.0;177;383.0
13;AM;2017;605.0;3157.0;897;46;943.0;51.0;130.0;1418.0;1559.0;16.0;98.0;115.0;146.0;1516.0;975;1674.0
27;AL;2017;993.0;924.0;1091;43;1134.0;77.0;29.0;1636.0;1702.0;1.0;104.0;111.0;30.0;1740.0;1526;1813.0
12;AC;2017;236.0;366.0;281;16;297.0;17.0;68.0;404.0;481.0;9.0;24.0;34.0;77.0;428.0;384;516.0
21;MA;2017;822.0;1804.0;1063;49;1112.0;56.0;169.0;1855.0;2051.0;12.0;113.0;127.0;181.0;1968.0;1483;2180.0
29;BA;2017;3444.0;168.0;4313;208;4522.0;286.0;428.0;6377.0;6986.0;55.0;417.0;487.0;484.0;6798.0;5427;7487.0
31;MG;2017;1814.0;1449.0;2088;129;2217.0;146.0;974.0;2885.0;3911.0;122.0;261.0;388.0;1096.0;3146.0;3067;4299.0
50;MS;2017;158.0;4287.0;250;25;275.0;21.0;209.0;385.0;597.0;28.0;33.0;61.0;237.0;418.0;327;659.0
51;MT;2017;332.0;1003.0;432;31;463.0;40.0;222.0;780.0;1010.0;22.0;70.0;92.0;244.0;850.0;669;1102.0
15;PA;2017;1939.0;1049.0;2322;129;2451.0;202.0;308.0;3858.0;4255.0;21.0;286.0;311.0;329.0;4144.0;3362;4575.0
25;PB;2017;591.0;5136.0;668;41;709.0;51.0;85.0;1151.0;1253.0;11.0;76.0;88.0;96.0;1227.0;1054;1341.0
26;PE;2017;2756.0;1137.0;3029;136;3167.0;189.0;580.0;4462.0;5104.0;50.0;257.0;310.0;630.0;4720.0;4478;5419.0
22;PI;2017;220.0;4174.0;293;20;313.0;25.0;46.0;509.0;573.0;9.0;39.0;52.0;55.0;549.0;376;626.0
41;PR;2017;1021.0;2921.0;1263;98;1361.0;110.0;1838.0;647.0;2511.0;207.0;33.0;247.0;2045.0;680.0;1832;2759.0
33;RJ;2017;2560.0;2354.0;3439;137;3576.0;219.0;1497.0;4378.0;5956.0;136.0;260.0;401.0;1634.0;4650.0;4411;6416.0
24;RN;2017;1250.0;1722.0;1279;87;1366.0;122.0;178.0;1798.0;2054.0;17.0;129.0;148.0;195.0;1928.0;1927;2203.0
11;RO;2017;179.0;342.0;206;22;228.0;30.0;123.0;357.0;491.0;22.0;40.0;62.0;145.0;397.0;373;554.0
14;RR;2017;44.0;2403.0;87;13;100.0;4.0;50.0;169.0;221.0;11.0;16.0;27.0;61.0;185.0;93;248.0
43;RS;2017;1405.0;618.0;1525;114;1639.0;188.0;2211.0;772.0;3014.0;238.0;61.0;302.0;2449.0;833.0;2591;3316.0
42;SC;2017;360.0;305.0;480;47;527.0;35.0;701.0;247.0;957.0;86.0;23.0;109.0;787.0;270.0;653;1066.0
28;SE;2017;690.0;1924.0;728;39;767.0;57.0;67.0;1168.0;1236.0;12.0;64.0;77.0;79.0;1232.0;1106;1313.0
35;SP;2017;1233.0;629.0;1798;157;1955.0;163.0;2094.0;2002.0;4134.0;321.0;166.0;495.0;2415.0;2168.0;2518;4631.0
17;TO;2017;195.0;376.0;282;21;303.0;18.0;96.0;407.0;517.0;7.0;30.0;38.0;103.0;437.0;318;557.0
23;CE;2017;3030.0;299.0;3146;202;3348.0;282.0;291.0;4580.0;5059.0;32.0;325.0;374.0;323.0;4905.0;4698;5433.0
32;ES;2017;771.0;351.0;789;59;848.0;89.0;161.0;1098.0;1369.0;26.0;116.0;151.0;187.0;1214.0;1227;1521.0
52;GO;2017;1286.0;4416.0;1491;110;1601.0;129.0;501.0;2094.0;2638.0;59.0;190.0;256.0;561.0;2284.0;2057;2901.0
29;BA;2018;3163.0;232.0;3956;185;4141.0;257.0;386.0;5717.0;6351.0;44.0;369.0;427.0;430.0;6089.0;4977;6787.0
12;AC;2018;189.0;289.0;222;13;235.0;22.0;43.0;322.0;374.0;6.0;28.0;35.0;49.0;350.0;311;409.0
27;AL;2018;727.0;910.0;818;25;843.0;44.0;22.0;1120.0;1374.0;3.0;55.0;67.0;25.0;1175.0;1179;1441.0
13;AM;2018;599.0;3231.0;795;64;859.0;51.0;106.0;1300.0;1415.0;15.0;110.0;127.0;121.0;1410.0;961;1542.0
16;AP;2018;162.0;171.0;273;6;279.0;9.0;24.0;377.0;411.0;2.0;12.0;15.0;26.0;389.0;241;426.0
23;CE;2018;2532.0;302.0;2561;251;2812.0;379.0;341.0;4051.0;4425.0;47.0;426.0;475.0;388.0;4477.0;4204;4900.0
53;DF;2018;210.0;1233.0;257;13;271.0;20.0;97.0;372.0;473.0;18.0;35.0;55.0;115.0;408.0;329;530.0
32;ES;2018;548.0;358.0;577;41;618.0;55.0;111.0;887.0;1063.0;20.0;76.0;100.0;131.0;964.0;891;1165.0
52;GO;2018;1168.0;3825.0;1354;88;1442.0;117.0;482.0;1929.0;2448.0;63.0;154.0;220.0;545.0;2086.0;1860;2675.0
21;MA;2018;698.0;1561.0;935;41;976.0;50.0;170.0;1656.0;1856.0;11.0;109.0;122.0;181.0;1767.0;1284;1982.0
31;MG;2018;1303.0;1135.0;1497;129;1626.0;137.0;728.0;2265.0;3022.0;105.0;241.0;349.0;833.0;2506.0;2237;3372.0
50;MS;2018;119.0;3227.0;214;25;239.0;21.0;182.0;320.0;506.0;28.0;38.0;66.0;210.0;358.0;243;572.0
51;MT;2018;295.0;949.0;395;30;425.0;31.0;193.0;695.0;901.0;16.0;71.0;88.0;209.0;766.0;566;989.0
15;PA;2018;2004.0;934.0;2285;132;2418.0;197.0;269.0;3827.0;4185.0;32.0;282.0;323.0;301.0;4113.0;3439;4528.0
25;PB;2018;557.0;4714.0;618;34;652.0;56.0;55.0;1085.0;1161.0;10.0;71.0;82.0;65.0;1156.0;1006;1244.0
26;PE;2018;1979.0;836.0;2168;101;2269.0;137.0;509.0;3387.0;3942.0;46.0;189.0;240.0;555.0;3578.0;3369;4190.0
22;PI;2018;213.0;4056.0;289;21;310.0;14.0;41.0;488.0;565.0;5.0;43.0;52.0;46.0;531.0;373;619.0
41;PR;2018;813.0;2100.0;1079;76;1155.0;89.0;1601.0;607.0;2232.0;146.0;63.0;211.0;1747.0;670.0;1520;2443.0
33;RJ;2018;2513.0;1891.0;3574;150;3724.0;198.0;1488.0;4448.0;6013.0;130.0;242.0;380.0;1619.0;4705.0;4261;6455.0
24;RN;2018;1007.0;1431.0;1024;43;1067.0;78.0;193.0;1509.0;1723.0;14.0;85.0;102.0;207.0;1594.0;1639;1825.0
11;RO;2018;138.0;279.0;168;16;184.0;20.0;103.0;323.0;432.0;14.0;28.0;42.0;118.0;351.0;300;476.0
14;RR;2018;124.0;1927.0;207;17;224.0;9.0;76.0;282.0;360.0;26.0;26.0;53.0;103.0;308.0;181;414.0
43;RS;2018;1094.0;411.0;1189;102;1291.0;147.0;1786.0;619.0;2441.0;201.0;54.0;256.0;1987.0;673.0;2075;2699.0
42;SC;2018;249.0;222.0;356;37;393.0;32.0;591.0;157.0;751.0;74.0;17.0;91.0;665.0;174.0;444;843.0
28;SE;2018;603.0;1741.0;653;10;663.0;25.0;48.0;1045.0;1093.0;6.0;34.0;40.0;54.0;1079.0;959;1133.0
35;SP;2018;959.0;535.0;1322;139;1461.0;116.0;1642.0;1571.0;3269.0;267.0;176.0;454.0;1909.0;1747.0;2009;3727.0
17;TO;2018;191.0;308.0;278;18;296.0;19.0;81.0;430.0;520.0;9.0;36.0;47.0;90.0;466.0;321;570.0
27;AL;2019;507.0;930.0;581;39;620.0;47.0;9.0;993.0;1025.0;0.0;89.0;90.0;9.0;1082.0;833;1115.0
13;AM;2019;628.0;2200.0;861;56;917.0;49.0;172.0;1284.0;1472.0;25.0;93.0;118.0;197.0;1377.0;981;1592.0
16;AP;2019;167.0;77.0;242;9;251.0;10.0;8.0;330.0;342.0;1.0;17.0;19.0;9.0;347.0;228;361.0
29;BA;2019;2880.0;218.0;3416;183;3599.0;250.0;303.0;5264.0;5717.0;30.0;358.0;396.0;333.0;5622.0;4596;6118.0
23;CE;2019;1108.0;234.0;1179;106;1285.0;159.0;149.0;2036.0;2196.0;21.0;199.0;221.0;170.0;2235.0;1900;2417.0
53;DF;2019;169.0;1028.0;226;18;244.0;20.0;83.0;339.0;425.0;18.0;36.0;55.0;101.0;375.0;257;480.0
32;ES;2019;501.0;331.0;538;31;569.0;42.0;90.0;802.0;946.0;13.0;73.0;97.0;103.0;875.0;781;1043.0
52;GO;2019;881.0;1741.0;1131;57;1188.0;67.0;422.0;1627.0;2089.0;43.0;115.0;161.0;465.0;1742.0;1457;2253.0
21;MA;2019;567.0;1106.0;753;47;801.0;44.0;165.0;1402.0;1584.0;19.0;93.0;114.0;186.0;1498.0;1074;1704.0
31;MG;2019;1083.0;786.0;1252;97;1349.0;120.0;648.0;1938.0;2598.0;86.0;207.0;295.0;734.0;2145.0;1878;2893.0
50;MS;2019;98.0;2584.0;174;17;191.0;14.0;146.0;280.0;430.0;35.0;26.0;61.0;181.0;306.0;216;491.0
51;MT;2019;247.0;682.0;336;30;366.0;33.0;157.0;639.0;808.0;27.0;56.0;84.0;185.0;696.0;490;895.0
17;TO;2019;150.0;237.0;211;13;224.0;16.0;73.0;337.0;420.0;3.0;32.0;36.0;76.0;369.0;250;456.0
15;PA;2019;1359.0;743.0;1690;100;1791.0;135.0;201.0;2887.0;3155.0;21.0;204.0;232.0;222.0;3093.0;2342;3405.0
25;PB;2019;371.0;4343.0;420;21;441.0;39.0;45.0;800.0;880.0;11.0;53.0;72.0;56.0;853.0;722;953.0
26;PE;2019;1597.0;739.0;1791;91;1882.0;127.0;477.0;2749.0;3265.0;45.0;158.0;204.0;522.0;2908.0;2713;3474.0
22;PI;2019;183.0;2210.0;226;17;243.0;17.0;43.0;454.0;520.0;11.0;35.0;47.0;54.0;489.0;350;569.0
41;PR;2019;592.0;1758.0;892;68;960.0;86.0;1332.0;542.0;1891.0;145.0;57.0;204.0;1477.0;599.0;1190;2095.0
33;RJ;2019;1381.0;1624.0;1936;77;2013.0;107.0;851.0;2435.0;3316.0;86.0;131.0;217.0;937.0;2568.0;2321;3552.0
24;RN;2019;700.0;1104.0;719;41;760.0;75.0;116.0;1110.0;1248.0;11.0;84.0;98.0;127.0;1194.0;1181;1346.0
11;RO;2019;102.0;250.0;140;14;154.0;13.0;103.0;295.0;401.0;11.0;31.0;43.0;114.0;327.0;264;447.0
14;RR;2019;46.0;1468.0;88;11;99.0;6.0;48.0;148.0;201.0;14.0;19.0;33.0;62.0;167.0;83;234.0
43;RS;2019;823.0;335.0;909;87;996.0;132.0;1446.0;463.0;1946.0;177.0;52.0;236.0;1623.0;515.0;1602;2184.0
35;SP;2019;854.0;457.0;1194;122;1316.0;118.0;1377.0;1535.0;2954.0;249.0;149.0;405.0;1626.0;1684.0;1742;3361.0
42;SC;2019;203.0;202.0;292;46;338.0;46.0;488.0;163.0;653.0;86.0;26.0;114.0;574.0;189.0;381;767.0
28;SE;2019;477.0;1390.0;537;19;556.0;28.0;36.0;884.0;920.0;3.0;50.0;53.0;39.0;934.0;771;973.0
12;AC;2019;123.0;205.0;163;11;174.0;17.0;30.0;252.0;290.0;5.0;25.0;32.0;35.0;277.0;222;325.0
50;MS;2020;90.0;2943.0;151;26;177.0;25.0;141.0;278.0;420.0;32.0;38.0;71.0;173.0;316.0;207;491.0
26;PE;2020;1795.0;869.0;1957;101;2059.0;134.0;497.0;3040.0;3558.0;40.0;181.0;223.0;537.0;3221.0;3079;3786.0
25;PB;2020;457.0;4808.0;487;40;527.0;56.0;67.0;929.0;1047.0;16.0;75.0;94.0;83.0;1004.0;919;1141.0
24;RN;2020;724.0;1318.0;758;39;797.0;65.0;110.0;1169.0;1324.0;13.0;66.0;81.0;123.0;1236.0;1222;1406.0
23;CE;2020;2123.0;262.0;2189;155;2344.0;253.0;201.0;3457.0;3672.0;21.0;295.0;319.0;222.0;3752.0;3443;3992.0
22;PI;2020;254.0;2606.0;312;21;333.0;23.0;66.0;521.0;615.0;10.0;41.0;54.0;76.0;562.0;437;674.0
21;MA;2020;786.0;1157.0;960;53;1013.0;67.0;201.0;1736.0;1961.0;16.0;123.0;140.0;217.0;1860.0;1447;2103.0
17;TO;2020;164.0;232.0;231;15;246.0;16.0;70.0;370.0;448.0;6.0;29.0;35.0;76.0;399.0;278;484.0
16;AP;2020;147.0;95.0;234;10;244.0;12.0;17.0;345.0;365.0;1.0;21.0;22.0;18.0;366.0;222;387.0
15;PA;2020;1101.0;795.0;1369;84;1454.0;99.0;176.0;2381.0;2605.0;23.0;166.0;193.0;199.0;2547.0;1886;2809.0
14;RR;2020;56.0;1420.0;92;10;102.0;7.0;48.0;150.0;199.0;18.0;15.0;35.0;68.0;166.0;102;237.0
13;AM;2020;485.0;1782.0;680;45;725.0;39.0;125.0;1093.0;1241.0;18.0;66.0;85.0;143.0;1159.0;782;1326.0
12;AC;2020;134.0;211.0;149;15;164.0;16.0;32.0;232.0;273.0;6.0;21.0;27.0;38.0;253.0;228;304.0
11;RO;2020;94.0;239.0;126;15;141.0;17.0;89.0;311.0;402.0;12.0;39.0;54.0;101.0;350.0;256;456.0
27;AL;2020;546.0;743.0;721;39;760.0;42.0;10.0;1165.0;1203.0;0.0;88.0;89.0;10.0;1253.0;869;1292.0
28;SE;2020;511.0;1337.0;544;18;562.0;26.0;44.0;891.0;938.0;6.0;37.0;43.0;50.0;928.0;821;981.0
29;BA;2020;3200.0;210.0;4032;218;4250.0;279.0;360.0;6124.0;6627.0;43.0;387.0;444.0;403.0;6511.0;5088;7076.0
31;MG;2020;980.0;827.0;1201;86;1287.0;99.0;660.0;1789.0;2473.0;102.0;166.0;270.0;762.0;1955.0;1702;2743.0
32;ES;2020;578.0;411.0;618;50;668.0;58.0;122.0;865.0;1122.0;16.0;78.0;101.0;139.0;943.0;930;1229.0
33;RJ;2020;1553.0;1677.0;2449;104;2554.0;123.0;1056.0;3387.0;4483.0;85.0;196.0;285.0;1145.0;3606.0;2740;4831.0
35;SP;2020;822.0;544.0;1131;127;1258.0;108.0;1453.0;1505.0;2998.0;248.0;146.0;397.0;1701.0;1651.0;1785;3396.0
41;PR;2020;706.0;1603.0;985;77;1062.0;93.0;1372.0;692.0;2083.0;145.0;52.0;197.0;1517.0;744.0;1411;2281.0
42;SC;2020;190.0;182.0;285;31;316.0;31.0;472.0;168.0;646.0;67.0;18.0;86.0;539.0;186.0;372;732.0
43;RS;2020;768.0;341.0;859;73;932.0;122.0;1377.0;474.0;1876.0;162.0;49.0;214.0;1541.0;523.0;1545;2094.0
51;MT;2020;309.0;863.0;395;35;430.0;40.0;182.0;689.0;878.0;25.0;79.0;105.0;207.0;770.0;584;987.0
52;GO;2020;876.0;3189.0;1135;55;1190.0;54.0;404.0;1594.0;2040.0;36.0;93.0;134.0;440.0;1687.0;1391;2177.0
53;DF;2020;144.0;1379.0;207;12;219.0;16.0;107.0;306.0;418.0;15.0;20.0;35.0;122.0;326.0;248;453.0
11;RO;2021;154.0;320.0;190;16;206.0;27.0;117.0;359.0;482.0;18.0;36.0;54.0;135.0;395.0;347;536.0
12;AC;2021;67.0;112.0;84;10;94.0;6.0;18.0;158.0;176.0;2.0;26.0;28.0;20.0;184.0;118;205.0
53;DF;2021;112.0;1376.0;160;8;168.0;15.0;69.0;277.0;355.0;18.0;27.0;46.0;87.0;304.0;193;401.0
52;GO;2021;604.0;2709.0;860;48;909.0;51.0;333.0;1304.0;1664.0;47.0;95.0;145.0;380.0;1401.0;1012;1812.0
51;MT;2021;261.0;887.0;348;25;373.0;30.0;191.0;610.0;806.0;19.0;62.0;81.0;210.0;672.0;529;888.0
50;MS;2021;124.0;2646.0;193;15;208.0;35.0;135.0;346.0;484.0;24.0;42.0;66.0;160.0;388.0;273;551.0
43;RS;2021;639.0;342.0;703;68;771.0;118.0;1223.0;411.0;1656.0;182.0;45.0;230.0;1406.0;456.0;1379;1889.0
42;SC;2021;180.0;238.0;265;25;290.0;33.0;451.0;161.0;620.0;79.0;11.0;92.0;530.0;172.0;375;712.0
41;PR;2021;730.0;1508.0;1048;83;1131.0;82.0;1286.0;848.0;2149.0;122.0;73.0;197.0;1408.0;921.0;1373;2348.0
35;SP;2021;741.0;498.0;1007;86;1093.0;92.0;1328.0;1373.0;2742.0;209.0;131.0;342.0;1537.0;1505.0;1648;3094.0
33;RJ;2021;1726.0;1556.0;2527;95;2622.0;112.0;1038.0;3312.0;4381.0;105.0;179.0;284.0;1144.0;3500.0;2999;4693.0
32;ES;2021;496.0;519.0;536;30;567.0;62.0;126.0;874.0;1127.0;25.0;88.0;125.0;151.0;963.0;892;1253.0
31;MG;2021;858.0;707.0;1051;74;1125.0;86.0;611.0;1688.0;2327.0;88.0;159.0;249.0;699.0;1847.0;1594;2577.0
29;BA;2021;3267.0;303.0;4081;203;4284.0;292.0;351.0;6302.0;6740.0;51.0;401.0;463.0;402.0;6703.0;5294;7206.0
28;SE;2021;394.0;960.0;420;14;435.0;21.0;44.0;707.0;751.0;3.0;34.0;37.0;47.0;742.0;662;790.0
27;AL;2021;474.0;1198.0;604;24;628.0;29.0;12.0;979.0;1005.0;0.0;65.0;65.0;12.0;1044.0;736;1070.0
26;PE;2021;1539.0;829.0;1644;107;1752.0;153.0;515.0;2641.0;3191.0;45.0;195.0;245.0;561.0;2836.0;2801;3439.0
25;PB;2021;491.0;5001.0;522;32;554.0;43.0;76.0;927.0;1061.0;15.0;63.0;83.0;91.0;990.0;930;1144.0
24;RN;2021;545.0;1290.0;572;28;600.0;48.0;96.0;996.0;1109.0;10.0;59.0;70.0;106.0;1055.0;1023;1179.0
23;CE;2021;1768.0;239.0;1779;170;1949.0;264.0;215.0;2906.0;3135.0;36.0;299.0;336.0;251.0;3205.0;2973;3471.0
22;PI;2021;312.0;2881.0;343;28;371.0;38.0;66.0;611.0;695.0;13.0;53.0;68.0;79.0;664.0;558;766.0
21;MA;2021;736.0;975.0;896;47;943.0;71.0;197.0;1644.0;1868.0;18.0;110.0;131.0;215.0;1754.0;1447;1999.0
17;TO;2021;135.0;178.0;199;12;211.0;14.0;57.0;333.0;401.0;13.0;22.0;39.0;70.0;355.0;253;441.0
16;AP;2021;217.0;98.0;305;8;313.0;11.0;10.0;428.0;443.0;0.0;18.0;19.0;10.0;446.0;314;462.0
15;PA;2021;1106.0;641.0;1366;87;1453.0;100.0;152.0;2425.0;2627.0;17.0;185.0;208.0;169.0;2611.0;1939;2847.0
14;RR;2021;58.0;1260.0;105;11;116.0;7.0;56.0;181.0;238.0;8.0;12.0;20.0;64.0;193.0;105;258.0
13;AM;2021;813.0;1833.0;991;60;1051.0;73.0;137.0;1505.0;1679.0;24.0;111.0;135.0;161.0;1616.0;1272;1816.0
25;PB;1979;;;74;12;;;;;;;;;;;71;
24;RN;1979;;;40;6;;;;;;;;;;;46;
23;CE;1979;;;128;17;;;;;;;;;;;85;
22;PI;1979;;;12;4;;;;;;;;;;;7;
21;MA;1979;;;30;5;;;;;;;;;;;34;
17;TO;1979;;;0;0;;;;;;;;;;;0;
16;AP;1979;;;7;1;;;;;;;;;;;5;
15;PA;1979;;;127;19;;;;;;;;;;;117;
14;RR;1979;;;2;1;;;;;;;;;;;2;
13;AM;1979;;;80;4;;;;;;;;;;;55;
12;AC;1979;;;14;0;;;;;;;;;;;13;
11;RO;1979;;;35;3;;;;;;;;;;;50;
53;DF;1979;;;49;4;;;;;;;;;;;28;
52;GO;1979;;;125;18;;;;;;;;;;;163;
51;MT;1979;;;4;0;;;;;;;;;;;2;
50;MS;1979;;;52;6;;;;;;;;;;;62;
43;RS;1979;;;226;20;;;;;;;;;;;193;
42;SC;1979;;;70;5;;;;;;;;;;;79;
41;PR;1979;;;276;38;;;;;;;;;;;379;
35;SP;1979;;;1061;135;;;;;;;;;;;570;
33;RJ;1979;;;1203;69;;;;;;;;;;;1726;
32;ES;1979;;;93;11;;;;;;;;;;;82;
31;MG;1979;;;404;73;;;;;;;;;;;435;
29;BA;1979;;;114;17;;;;;;;;;;;116;
28;SE;1979;;;21;4;;;;;;;;;;;22;
27;AL;1979;;;104;6;;;;;;;;;;;131;
26;PE;1979;;;346;41;;;;;;;;;;;297;
25;PB;1980;;;106;13;;;;;;;;;;;127;
24;RN;1980;;;75;5;;;;;;;;;;;77;
23;CE;1980;;;181;11;;;;;;;;;;;159;
22;PI;1980;;;25;3;;;;;;;;;;;6;
21;MA;1980;;;34;7;;;;;;;;;;;29;
17;TO;1980;;;0;0;;;;;;;;;;;0;
16;AP;1980;;;6;0;;;;;;;;;;;2;
15;PA;1980;;;143;19;;;;;;;;;;;169;
14;RR;1980;;;3;2;;;;;;;;;;;0;
13;AM;1980;;;64;9;;;;;;;;;;;46;
12;AC;1980;;;14;2;;;;;;;;;;;12;
11;RO;1980;;;39;4;;;;;;;;;;;67;
53;DF;1980;;;67;7;;;;;;;;;;;21;
52;GO;1980;;;155;28;;;;;;;;;;;226;
51;MT;1980;;;12;1;;;;;;;;;;;22;
50;MS;1980;;;77;10;;;;;;;;;;;118;
43;RS;1980;;;268;23;;;;;;;;;;;227;
42;SC;1980;;;103;11;;;;;;;;;;;119;
41;PR;1980;;;291;35;;;;;;;;;;;367;
35;SP;1980;;;1678;171;;;;;;;;;;;699;
33;RJ;1980;;;1531;104;;;;;;;;;;;2093;
32;ES;1980;;;113;16;;;;;;;;;;;122;
31;MG;1980;;;444;51;;;;;;;;;;;466;
29;BA;1980;;;112;18;;;;;;;;;;;139;
28;SE;1980;;;26;6;;;;;;;;;;;30;
27;AL;1980;;;112;19;;;;;;;;;;;148;
26;PE;1980;;;446;55;;;;;;;;;;;613;
12;AC;1981;;;13;1;;;;;;;;;;;8;
53;DF;1981;;;71;11;;;;;;;;;;;81;
52;GO;1981;;;211;28;;;;;;;;;;;268;
51;MT;1981;;;33;7;;;;;;;;;;;38;
50;MS;1981;;;81;14;;;;;;;;;;;147;
43;RS;1981;;;298;29;;;;;;;;;;;237;
42;SC;1981;;;103;10;;;;;;;;;;;105;
41;PR;1981;;;323;37;;;;;;;;;;;451;
35;SP;1981;;;2166;176;;;;;;;;;;;958;
33;RJ;1981;;;1247;79;;;;;;;;;;;1774;
32;ES;1981;;;149;28;;;;;;;;;;;130;
31;MG;1981;;;410;72;;;;;;;;;;;374;
29;BA;1981;;;113;15;;;;;;;;;;;124;
28;SE;1981;;;32;3;;;;;;;;;;;36;
27;AL;1981;;;121;27;;;;;;;;;;;190;
26;PE;1981;;;567;69;;;;;;;;;;;758;
25;PB;1981;;;114;13;;;;;;;;;;;133;
24;RN;1981;;;67;10;;;;;;;;;;;80;
23;CE;1981;;;194;23;;;;;;;;;;;187;
22;PI;1981;;;25;3;;;;;;;;;;;23;
21;MA;1981;;;58;6;;;;;;;;;;;54;
17;TO;1981;;;0;0;;;;;;;;;;;0;
16;AP;1981;;;9;2;;;;;;;;;;;4;
15;PA;1981;;;144;25;;;;;;;;;;;171;
14;RR;1981;;;8;3;;;;;;;;;;;2;
13;AM;1981;;;73;7;;;;;;;;;;;52;
11;RO;1981;;;39;7;;;;;;;;;;;67;
23;CE;1982;;;200;14;;;;;;;;;;;149;
31;MG;1982;;;395;61;;;;;;;;;;;346;
32;ES;1982;;;138;12;;;;;;;;;;;114;
33;RJ;1982;;;1088;70;;;;;;;;;;;1575;
35;SP;1982;;;2076;177;;;;;;;;;;;926;
41;PR;1982;;;404;50;;;;;;;;;;;488;
42;SC;1982;;;83;14;;;;;;;;;;;86;
43;RS;1982;;;305;30;;;;;;;;;;;256;
50;MS;1982;;;93;12;;;;;;;;;;;154;
51;MT;1982;;;17;2;;;;;;;;;;;24;
52;GO;1982;;;211;29;;;;;;;;;;;226;
53;DF;1982;;;98;6;;;;;;;;;;;101;
11;RO;1982;;;26;11;;;;;;;;;;;79;
12;AC;1982;;;16;2;;;;;;;;;;;18;
13;AM;1982;;;68;8;;;;;;;;;;;58;
14;RR;1982;;;10;2;;;;;;;;;;;1;
15;PA;1982;;;150;16;;;;;;;;;;;176;
16;AP;1982;;;9;1;;;;;;;;;;;8;
17;TO;1982;;;0;0;;;;;;;;;;;0;
21;MA;1982;;;60;2;;;;;;;;;;;62;
22;PI;1982;;;32;4;;;;;;;;;;;28;
24;RN;1982;;;85;5;;;;;;;;;;;108;
25;PB;1982;;;100;16;;;;;;;;;;;112;
26;PE;1982;;;601;49;;;;;;;;;;;788;
27;AL;1982;;;152;15;;;;;;;;;;;185;
28;SE;1982;;;35;6;;;;;;;;;;;34;
29;BA;1982;;;164;36;;;;;;;;;;;211;
16;AP;1983;;;19;4;;;;;;;;;;;12;
15;PA;1983;;;211;34;;;;;;;;;;;240;
14;RR;1983;;;8;1;;;;;;;;;;;2;
13;AM;1983;;;84;6;;;;;;;;;;;60;
12;AC;1983;;;16;3;;;;;;;;;;;12;
11;RO;1983;;;42;7;;;;;;;;;;;64;
27;AL;1983;;;203;24;;;;;;;;;;;267;
26;PE;1983;;;699;90;;;;;;;;;;;965;
25;PB;1983;;;137;16;;;;;;;;;;;120;
24;RN;1983;;;62;7;;;;;;;;;;;88;
28;SE;1983;;;34;5;;;;;;;;;;;42;
23;CE;1983;;;263;22;;;;;;;;;;;217;
22;PI;1983;;;38;0;;;;;;;;;;;37;
21;MA;1983;;;53;5;;;;;;;;;;;56;
51;MT;1983;;;41;4;;;;;;;;;;;51;
32;ES;1983;;;135;20;;;;;;;;;;;118;
31;MG;1983;;;319;61;;;;;;;;;;;339;
29;BA;1983;;;126;20;;;;;;;;;;;154;
52;GO;1983;;;216;34;;;;;;;;;;;239;
53;DF;1983;;;90;12;;;;;;;;;;;93;
43;RS;1983;;;293;21;;;;;;;;;;;253;
42;SC;1983;;;102;23;;;;;;;;;;;121;
41;PR;1983;;;398;36;;;;;;;;;;;550;
35;SP;1983;;;2916;254;;;;;;;;;;;1317;
33;RJ;1983;;;874;70;;;;;;;;;;;859;
50;MS;1983;;;101;11;;;;;;;;;;;137;
17;TO;1983;;;0;0;;;;;;;;;;;0;
27;AL;1984;;;185;18;;;;;;;;;;;304;
29;BA;1984;;;186;28;;;;;;;;;;;248;
31;MG;1984;;;379;69;;;;;;;;;;;437;
32;ES;1984;;;143;21;;;;;;;;;;;151;
25;PB;1984;;;135;10;;;;;;;;;;;147;
24;RN;1984;;;62;3;;;;;;;;;;;67;
23;CE;1984;;;274;16;;;;;;;;;;;196;
22;PI;1984;;;34;4;;;;;;;;;;;36;
21;MA;1984;;;62;6;;;;;;;;;;;84;
17;TO;1984;;;0;0;;;;;;;;;;;0;
26;PE;1984;;;801;66;;;;;;;;;;;1154;
11;RO;1984;;;80;5;;;;;;;;;;;106;
12;AC;1984;;;13;3;;;;;;;;;;;13;
13;AM;1984;;;110;10;;;;;;;;;;;83;
14;RR;1984;;;9;1;;;;;;;;;;;0;
15;PA;1984;;;212;24;;;;;;;;;;;296;
16;AP;1984;;;14;3;;;;;;;;;;;12;
53;DF;1984;;;77;9;;;;;;;;;;;74;
52;GO;1984;;;176;28;;;;;;;;;;;241;
51;MT;1984;;;57;6;;;;;;;;;;;68;
50;MS;1984;;;126;20;;;;;;;;;;;177;
43;RS;1984;;;305;37;;;;;;;;;;;258;
42;SC;1984;;;102;12;;;;;;;;;;;120;
41;PR;1984;;;429;48;;;;;;;;;;;473;
35;SP;1984;;;3789;274;;;;;;;;;;;1864;
33;RJ;1984;;;1145;85;;;;;;;;;;;1315;
28;SE;1984;;;16;2;;;;;;;;;;;23;
28;SE;1985;;;22;5;;;;;;;;;;;33;
13;AM;1985;;;84;9;;;;;;;;;;;85;
14;RR;1985;;;3;0;;;;;;;;;;;3;
15;PA;1985;;;200;16;;;;;;;;;;;265;
16;AP;1985;;;16;2;;;;;;;;;;;15;
17;TO;1985;;;0;0;;;;;;;;;;;0;
21;MA;1985;;;45;7;;;;;;;;;;;74;
22;PI;1985;;;22;4;;;;;;;;;;;23;
23;CE;1985;;;221;20;;;;;;;;;;;163;
24;RN;1985;;;62;5;;;;;;;;;;;68;
25;PB;1985;;;160;21;;;;;;;;;;;140;
26;PE;1985;;;930;77;;;;;;;;;;;1310;
27;AL;1985;;;173;34;;;;;;;;;;;281;
12;AC;1985;;;27;2;;;;;;;;;;;23;
29;BA;1985;;;216;27;;;;;;;;;;;254;
31;MG;1985;;;384;66;;;;;;;;;;;382;
32;ES;1985;;;168;18;;;;;;;;;;;209;
33;RJ;1985;;;1277;78;;;;;;;;;;;1460;
35;SP;1985;;;3883;279;;;;;;;;;;;2010;
41;PR;1985;;;338;46;;;;;;;;;;;440;
42;SC;1985;;;103;16;;;;;;;;;;;116;
43;RS;1985;;;283;37;;;;;;;;;;;219;
50;MS;1985;;;92;9;;;;;;;;;;;123;
51;MT;1985;;;81;17;;;;;;;;;;;118;
52;GO;1985;;;187;33;;;;;;;;;;;211;
53;DF;1985;;;131;12;;;;;;;;;;;150;
11;RO;1985;;;104;13;;;;;;;;;;;174;
52;GO;1986;;;203;32;;;;;;;;;;;285;
51;MT;1986;;;110;15;;;;;;;;;;;172;
50;MS;1986;;;111;16;;;;;;;;;;;136;
43;RS;1986;;;321;31;;;;;;;;;;;309;
42;SC;1986;;;100;5;;;;;;;;;;;105;
41;PR;1986;;;377;36;;;;;;;;;;;396;
35;SP;1986;;;4070;277;;;;;;;;;;;2126;
33;RJ;1986;;;1243;90;;;;;;;;;;;1399;
32;ES;1986;;;192;22;;;;;;;;;;;205;
31;MG;1986;;;378;54;;;;;;;;;;;379;
29;BA;1986;;;206;28;;;;;;;;;;;284;
28;SE;1986;;;22;5;;;;;;;;;;;33;
27;AL;1986;;;197;19;;;;;;;;;;;282;
26;PE;1986;;;966;64;;;;;;;;;;;1400;
25;PB;1986;;;179;29;;;;;;;;;;;195;
24;RN;1986;;;39;1;;;;;;;;;;;49;
23;CE;1986;;;230;27;;;;;;;;;;;143;
22;PI;1986;;;31;2;;;;;;;;;;;26;
21;MA;1986;;;107;8;;;;;;;;;;;104;
17;TO;1986;;;0;0;;;;;;;;;;;0;
16;AP;1986;;;15;2;;;;;;;;;;;7;
15;PA;1986;;;226;28;;;;;;;;;;;301;
14;RR;1986;;;8;1;;;;;;;;;;;3;
13;AM;1986;;;89;5;;;;;;;;;;;75;
12;AC;1986;;;24;2;;;;;;;;;;;25;
11;RO;1986;;;133;11;;;;;;;;;;;216;
53;DF;1986;;;121;16;;;;;;;;;;;148;
43;RS;1987;;;347;34;;;;;;;;;;;335;
11;RO;1987;;;148;14;;;;;;;;;;;218;
12;AC;1987;;;42;9;;;;;;;;;;;51;
13;AM;1987;;;103;9;;;;;;;;;;;101;
14;RR;1987;;;3;2;;;;;;;;;;;0;
15;PA;1987;;;196;22;;;;;;;;;;;310;
16;AP;1987;;;9;4;;;;;;;;;;;9;
17;TO;1987;;;0;0;;;;;;;;;;;0;
21;MA;1987;;;110;5;;;;;;;;;;;116;
22;PI;1987;;;33;1;;;;;;;;;;;29;
23;CE;1987;;;186;14;;;;;;;;;;;141;
24;RN;1987;;;55;5;;;;;;;;;;;81;
25;PB;1987;;;149;21;;;;;;;;;;;149;
26;PE;1987;;;1045;65;;;;;;;;;;;1482;
27;AL;1987;;;213;29;;;;;;;;;;;274;
28;SE;1987;;;23;1;;;;;;;;;;;22;
29;BA;1987;;;258;21;;;;;;;;;;;294;
31;MG;1987;;;378;56;;;;;;;;;;;340;
32;ES;1987;;;206;21;;;;;;;;;;;232;
33;RJ;1987;;;1977;96;;;;;;;;;;;2680;
35;SP;1987;;;4357;287;;;;;;;;;;;2379;
41;PR;1987;;;354;46;;;;;;;;;;;450;
42;SC;1987;;;117;15;;;;;;;;;;;151;
50;MS;1987;;;97;12;;;;;;;;;;;173;
51;MT;1987;;;124;14;;;;;;;;;;;185;
52;GO;1987;;;236;42;;;;;;;;;;;304;
53;DF;1987;;;155;19;;;;;;;;;;;211;
51;MT;1988;;;138;9;;;;;;;;;;;188;
53;DF;1988;;;160;11;;;;;;;;;;;161;
11;RO;1988;;;144;21;;;;;;;;;;;210;
26;PE;1988;;;1046;62;;;;;;;;;;;1510;
25;PB;1988;;;155;25;;;;;;;;;;;156;
24;RN;1988;;;82;8;;;;;;;;;;;91;
23;CE;1988;;;228;16;;;;;;;;;;;175;
22;PI;1988;;;49;4;;;;;;;;;;;38;
21;MA;1988;;;122;7;;;;;;;;;;;141;
17;TO;1988;;;0;0;;;;;;;;;;;0;
16;AP;1988;;;12;0;;;;;;;;;;;5;
15;PA;1988;;;237;25;;;;;;;;;;;337;
14;RR;1988;;;21;5;;;;;;;;;;;2;
13;AM;1988;;;110;15;;;;;;;;;;;106;
12;AC;1988;;;31;3;;;;;;;;;;;43;
27;AL;1988;;;281;24;;;;;;;;;;;342;
28;SE;1988;;;25;2;;;;;;;;;;;31;
29;BA;1988;;;390;35;;;;;;;;;;;429;
31;MG;1988;;;388;60;;;;;;;;;;;347;
32;ES;1988;;;266;32;;;;;;;;;;;265;
33;RJ;1988;;;1528;91;;;;;;;;;;;2028;
35;SP;1988;;;4048;277;;;;;;;;;;;2438;
41;PR;1988;;;410;51;;;;;;;;;;;455;
42;SC;1988;;;115;17;;;;;;;;;;;155;
43;RS;1988;;;501;45;;;;;;;;;;;510;
50;MS;1988;;;113;12;;;;;;;;;;;172;
52;GO;1988;;;285;41;;;;;;;;;;;400;
